This is pdfTeX, Version 3.141592653-2.6-1.40.28 (TeX Live 2025) (preloaded format=pdflatex 2025.7.17)  12 SEP 2026 20:40
entering extended mode
 restricted \write18 enabled.
 file:line:error style messages enabled.
 %&-line parsing enabled.
**/home/alexmy/SGS/SGS_lib/fractal_manifold_gen2/ewm-state-machine/REFS/arXiv-2601.05588v4/main.tex
(/home/alexmy/SGS/SGS_lib/fractal_manifold_gen2/ewm-state-machine/REFS/arXiv-2601.05588v4/main.tex
LaTeX2e <2025-06-01> patch level 1
L3 programming layer <2025-07-11>
(./google.cls
Document Class: google 
(/usr/local/texlive/2025/texmf-dist/tex/latex/xifthen/xifthen.sty
Package: xifthen 2015/11/05 v1.4.0 Extended ifthen features
 (/usr/local/texlive/2025/texmf-dist/tex/latex/tools/calc.sty
Package: calc 2025/03/01 v4.3b Infix arithmetic (KKT,FJ)
\calc@Acount=\count275
\calc@Bcount=\count276
\calc@Adimen=\dimen148
\calc@Bdimen=\dimen149
\calc@Askip=\skip49
\calc@Bskip=\skip50
LaTeX Info: Redefining \setlength on input line 86.
LaTeX Info: Redefining \addtolength on input line 87.
\calc@Ccount=\count277
\calc@Cskip=\skip51
) (/usr/local/texlive/2025/texmf-dist/tex/latex/base/ifthen.sty
Package: ifthen 2024/03/16 v1.1e Standard LaTeX ifthen package (DPC)
) (/usr/local/texlive/2025/texmf-dist/tex/latex/ifmtarg/ifmtarg.sty
Package: ifmtarg 2018/04/16 v1.2b check for an empty argument
)) (/usr/local/texlive/2025/texmf-dist/tex/latex/extsizes/extarticle.cls
Document Class: extarticle 1996/10/08 v1.0 Non Standard LaTeX document class
(/usr/local/texlive/2025/texmf-dist/tex/latex/base/size11.clo
File: size11.clo 2025/01/22 v1.4n Standard LaTeX file (size option)
) (/usr/local/texlive/2025/texmf-dist/tex/latex/base/exscale.sty
Package: exscale 2018/09/24 v2.1i Standard LaTeX package exscale
LaTeX Font Info:    Redeclaring symbol font `largesymbols' on input line 57.
LaTeX Font Info:    Overwriting symbol font `largesymbols' in version `normal'
(Font)                  OMX/cmex/m/n --> OMX/cmex/m/n on input line 57.
LaTeX Font Info:    Overwriting symbol font `largesymbols' in version `bold'
(Font)                  OMX/cmex/m/n --> OMX/cmex/m/n on input line 57.
\big@size=\dimen150
)
\c@part=\count278
\c@section=\count279
\c@subsection=\count280
\c@subsubsection=\count281
\c@paragraph=\count282
\c@subparagraph=\count283
\c@figure=\count284
\c@table=\count285
\abovecaptionskip=\skip52
\belowcaptionskip=\skip53
\bibindent=\dimen151
) (/usr/local/texlive/2025/texmf-dist/tex/latex/base/inputenc.sty
Package: inputenc 2024/02/08 v1.3d Input encoding file
\inpenc@prehook=\toks17
\inpenc@posthook=\toks18
) (/usr/local/texlive/2025/texmf-dist/tex/generic/babel/babel.sty
Package: babel 2025/07/13 v25.11 The multilingual framework for LuaLaTeX, pdfLaTeX and XeLaTeX
\babel@savecnt=\count286
LaTeX Encoding Info:    Redeclaring text command \ij (encoding OT1) on input line 2045.
LaTeX Encoding Info:    Redeclaring text command \IJ (encoding OT1) on input line 2047.
LaTeX Encoding Info:    Redeclaring text command \ij (encoding T1) on input line 2049.
LaTeX Encoding Info:    Redeclaring text command \IJ (encoding T1) on input line 2050.
LaTeX Encoding Info:    Ignoring declaration for text command \ij (encoding ?) on input line 2051.
LaTeX Encoding Info:    Ignoring declaration for text command \IJ (encoding ?) on input line 2053.
LaTeX Encoding Info:    Ignoring declaration for text command \SS (encoding ?) on input line 2078.
\U@D=\dimen152
\l@unhyphenated=\language90
 (/usr/local/texlive/2025/texmf-dist/tex/generic/babel/txtbabel.def)
\bbl@readstream=\read2
\bbl@dirlevel=\count287
 (/usr/local/texlive/2025/texmf-dist/tex/generic/babel-english/english.ldf
Language: english 2017/06/06 v3.3r English support from the babel system
 (/usr/local/texlive/2025/texmf-dist/tex/generic/babel/locale/en/babel-english.tex
Package babel Info: Importing font and identification data for english
(babel)             from babel-en.ini. Reported on input line 12.
)
Package babel Info: Hyphen rules for 'canadian' set to \l@english
(babel)             (\language0). Reported on input line 102.
Package babel Info: Hyphen rules for 'australian' set to \l@ukenglish
(babel)             (\language22). Reported on input line 105.
Package babel Info: Hyphen rules for 'newzealand' set to \l@ukenglish
(babel)             (\language22). Reported on input line 108.
)) (/usr/local/texlive/2025/texmf-dist/tex/latex/amscls/amsthm.sty
Package: amsthm 2020/05/29 v2.20.6
\thm@style=\toks19
\thm@bodyfont=\toks20
\thm@headfont=\toks21
\thm@notefont=\toks22
\thm@headpunct=\toks23
\thm@preskip=\skip54
\thm@postskip=\skip55
\thm@headsep=\skip56
\dth@everypar=\toks24
) (/usr/local/texlive/2025/texmf-dist/tex/latex/amsmath/amsmath.sty
Package: amsmath 2025/06/16 v2.17y AMS math features
\@mathmargin=\skip57

For additional information on amsmath, use the `?' option.
(/usr/local/texlive/2025/texmf-dist/tex/latex/amsmath/amstext.sty
Package: amstext 2024/11/17 v2.01 AMS text
 (/usr/local/texlive/2025/texmf-dist/tex/latex/amsmath/amsgen.sty
File: amsgen.sty 1999/11/30 v2.0 generic functions
\@emptytoks=\toks25
\ex@=\dimen153
)) (/usr/local/texlive/2025/texmf-dist/tex/latex/amsmath/amsbsy.sty
Package: amsbsy 1999/11/29 v1.2d Bold Symbols
\pmbraise@=\dimen154
) (/usr/local/texlive/2025/texmf-dist/tex/latex/amsmath/amsopn.sty
Package: amsopn 2022/04/08 v2.04 operator names
)
\inf@bad=\count288
LaTeX Info: Redefining \frac on input line 233.
\uproot@=\count289
\leftroot@=\count290
LaTeX Info: Redefining \overline on input line 398.
LaTeX Info: Redefining \colon on input line 409.
\classnum@=\count291
\DOTSCASE@=\count292
LaTeX Info: Redefining \ldots on input line 495.
LaTeX Info: Redefining \dots on input line 498.
LaTeX Info: Redefining \cdots on input line 619.
\Mathstrutbox@=\box53
\strutbox@=\box54
LaTeX Info: Redefining \big on input line 721.
LaTeX Info: Redefining \Big on input line 722.
LaTeX Info: Redefining \bigg on input line 723.
LaTeX Info: Redefining \Bigg on input line 724.
\big@size=\dimen155
LaTeX Font Info:    Redeclaring font encoding OML on input line 742.
LaTeX Font Info:    Redeclaring font encoding OMS on input line 743.
\macc@depth=\count293
LaTeX Info: Redefining \bmod on input line 904.
LaTeX Info: Redefining \pmod on input line 909.
LaTeX Info: Redefining \smash on input line 939.
LaTeX Info: Redefining \relbar on input line 969.
LaTeX Info: Redefining \Relbar on input line 970.
\c@MaxMatrixCols=\count294
\dotsspace@=\muskip17
\c@parentequation=\count295
\dspbrk@lvl=\count296
\tag@help=\toks26
\row@=\count297
\column@=\count298
\maxfields@=\count299
\andhelp@=\toks27
\eqnshift@=\dimen156
\alignsep@=\dimen157
\tagshift@=\dimen158
\tagwidth@=\dimen159
\totwidth@=\dimen160
\lineht@=\dimen161
\@envbody=\toks28
\multlinegap=\skip58
\multlinetaggap=\skip59
\mathdisplay@stack=\toks29
LaTeX Info: Redefining \[ on input line 2949.
LaTeX Info: Redefining \] on input line 2950.
) (/usr/local/texlive/2025/texmf-dist/tex/latex/amsfonts/amsfonts.sty
Package: amsfonts 2013/01/14 v3.01 Basic AMSFonts support
\symAMSa=\mathgroup4
\symAMSb=\mathgroup5
LaTeX Font Info:    Redeclaring math symbol \hbar on input line 98.
LaTeX Font Info:    Overwriting math alphabet `\mathfrak' in version `bold'
(Font)                  U/euf/m/n --> U/euf/b/n on input line 106.
) (/usr/local/texlive/2025/texmf-dist/tex/latex/amsfonts/amssymb.sty
Package: amssymb 2013/01/14 v3.01 AMS font symbols
) (/usr/local/texlive/2025/texmf-dist/tex/latex/cmap/cmap.sty
Package: cmap 2021/02/06 v1.0j CMap support: searchable PDF
) (/usr/local/texlive/2025/texmf-dist/tex/latex/base/fontenc.sty
Package: fontenc 2024/12/21 v2.1c Standard LaTeX package
<<t1.cmap>>) (/usr/local/texlive/2025/texmf-dist/tex/latex/url/url.sty
\Urlmuskip=\muskip18
Package: url 2013/09/16  ver 3.4  Verb mode for urls, etc.
) (/usr/local/texlive/2025/texmf-dist/tex/latex/hyperref/hyperref.sty
Package: hyperref 2025-07-12 v7.01o Hypertext links for LaTeX
 (/usr/local/texlive/2025/texmf-dist/tex/generic/iftex/iftex.sty
Package: iftex 2024/12/12 v1.0g TeX engine tests
) (/usr/local/texlive/2025/texmf-dist/tex/latex/graphics/keyval.sty
Package: keyval 2022/05/29 v1.15 key=value parser (DPC)
\KV@toks@=\toks30
) (/usr/local/texlive/2025/texmf-dist/tex/latex/kvsetkeys/kvsetkeys.sty
Package: kvsetkeys 2022-10-05 v1.19 Key value parser (HO)
) (/usr/local/texlive/2025/texmf-dist/tex/generic/kvdefinekeys/kvdefinekeys.sty
Package: kvdefinekeys 2019-12-19 v1.6 Define keys (HO)
) (/usr/local/texlive/2025/texmf-dist/tex/generic/pdfescape/pdfescape.sty
Package: pdfescape 2019/12/09 v1.15 Implements pdfTeX's escape features (HO)
 (/usr/local/texlive/2025/texmf-dist/tex/generic/ltxcmds/ltxcmds.sty
Package: ltxcmds 2023-12-04 v1.26 LaTeX kernel commands for general use (HO)
) (/usr/local/texlive/2025/texmf-dist/tex/generic/pdftexcmds/pdftexcmds.sty
Package: pdftexcmds 2020-06-27 v0.33 Utility functions of pdfTeX for LuaTeX (HO)
 (/usr/local/texlive/2025/texmf-dist/tex/generic/infwarerr/infwarerr.sty
Package: infwarerr 2019/12/03 v1.5 Providing info/warning/error messages (HO)
)
Package pdftexcmds Info: \pdf@primitive is available.
Package pdftexcmds Info: \pdf@ifprimitive is available.
Package pdftexcmds Info: \pdfdraftmode found.
)) (/usr/local/texlive/2025/texmf-dist/tex/latex/hycolor/hycolor.sty
Package: hycolor 2020-01-27 v1.10 Color options for hyperref/bookmark (HO)
) (/usr/local/texlive/2025/texmf-dist/tex/latex/hyperref/nameref.sty
Package: nameref 2025-06-21 v2.57 Cross-referencing by name of section
 (/usr/local/texlive/2025/texmf-dist/tex/latex/refcount/refcount.sty
Package: refcount 2019/12/15 v3.6 Data extraction from label references (HO)
) (/usr/local/texlive/2025/texmf-dist/tex/generic/gettitlestring/gettitlestring.sty
Package: gettitlestring 2019/12/15 v1.6 Cleanup title references (HO)
 (/usr/local/texlive/2025/texmf-dist/tex/latex/kvoptions/kvoptions.sty
Package: kvoptions 2022-06-15 v3.15 Key value format for package options (HO)
))
\c@section@level=\count300
) (/usr/local/texlive/2025/texmf-dist/tex/latex/etoolbox/etoolbox.sty
Package: etoolbox 2025/02/11 v2.5l e-TeX tools for LaTeX (JAW)
\etb@tempcnta=\count301
) (/usr/local/texlive/2025/texmf-dist/tex/generic/stringenc/stringenc.sty
Package: stringenc 2019/11/29 v1.12 Convert strings between diff. encodings (HO)
)
\@linkdim=\dimen162
\Hy@linkcounter=\count302
\Hy@pagecounter=\count303
 (/usr/local/texlive/2025/texmf-dist/tex/latex/hyperref/pd1enc.def
File: pd1enc.def 2025-07-12 v7.01o Hyperref: PDFDocEncoding definition (HO)
Now handling font encoding PD1 ...
... no UTF-8 mapping file for font encoding PD1
) (/usr/local/texlive/2025/texmf-dist/tex/generic/intcalc/intcalc.sty
Package: intcalc 2019/12/15 v1.3 Expandable calculations with integers (HO)
)
\Hy@SavedSpaceFactor=\count304
 (/usr/local/texlive/2025/texmf-dist/tex/latex/hyperref/puenc.def
File: puenc.def 2025-07-12 v7.01o Hyperref: PDF Unicode definition (HO)
Now handling font encoding PU ...
... no UTF-8 mapping file for font encoding PU
)
Package hyperref Info: Option `colorlinks' set `true' on input line 4066.
Package hyperref Info: Hyper figures OFF on input line 4195.
Package hyperref Info: Link nesting OFF on input line 4200.
Package hyperref Info: Hyper index ON on input line 4203.
Package hyperref Info: Plain pages OFF on input line 4210.
Package hyperref Info: Backreferencing OFF on input line 4215.
Package hyperref Info: Implicit mode ON; LaTeX internals redefined.
Package hyperref Info: Bookmarks ON on input line 4462.
\c@Hy@tempcnt=\count305
LaTeX Info: Redefining \url on input line 4801.
\XeTeXLinkMargin=\dimen163
 (/usr/local/texlive/2025/texmf-dist/tex/generic/bitset/bitset.sty
Package: bitset 2019/12/09 v1.3 Handle bit-vector datatype (HO)
 (/usr/local/texlive/2025/texmf-dist/tex/generic/bigintcalc/bigintcalc.sty
Package: bigintcalc 2019/12/15 v1.5 Expandable calculations on big integers (HO)
))
\Fld@menulength=\count306
\Field@Width=\dimen164
\Fld@charsize=\dimen165
Package hyperref Info: Hyper figures OFF on input line 6078.
Package hyperref Info: Link nesting OFF on input line 6083.
Package hyperref Info: Hyper index ON on input line 6086.
Package hyperref Info: backreferencing OFF on input line 6093.
Package hyperref Info: Link coloring ON on input line 6096.
Package hyperref Info: Link coloring with OCG OFF on input line 6103.
Package hyperref Info: PDF/A mode OFF on input line 6108.
\Hy@abspage=\count307
\c@Item=\count308
\c@Hfootnote=\count309
)
Package hyperref Info: Driver (autodetected): hpdftex.
 (/usr/local/texlive/2025/texmf-dist/tex/latex/hyperref/hpdftex.def
File: hpdftex.def 2025-07-12 v7.01o Hyperref driver for pdfTeX
\Fld@listcount=\count310
\c@bookmark@seq@number=\count311
 (/usr/local/texlive/2025/texmf-dist/tex/latex/rerunfilecheck/rerunfilecheck.sty
Package: rerunfilecheck 2025-06-21 v1.11 Rerun checks for auxiliary files (HO)
 (/usr/local/texlive/2025/texmf-dist/tex/generic/uniquecounter/uniquecounter.sty
Package: uniquecounter 2019/12/15 v1.4 Provide unlimited unique counter (HO)
)
Package uniquecounter Info: New unique counter `rerunfilecheck' on input line 284.
)
\Hy@SectionHShift=\skip60
) (/usr/local/texlive/2025/texmf-dist/tex/latex/psnfss/pifont.sty
Package: pifont 2020/03/25 PSNFSS-v9.3 Pi font support (SPQR) 
LaTeX Font Info:    Trying to load font information for U+pzd on input line 63.
 (/usr/local/texlive/2025/texmf-dist/tex/latex/psnfss/upzd.fd
File: upzd.fd 2001/06/04 font definitions for U/pzd.
)
LaTeX Font Info:    Trying to load font information for U+psy on input line 64.
 (/usr/local/texlive/2025/texmf-dist/tex/latex/psnfss/upsy.fd
File: upsy.fd 2001/06/04 font definitions for U/psy.
)) (/usr/local/texlive/2025/texmf-dist/tex/latex/xcolor/xcolor.sty
Package: xcolor 2024/09/29 v3.02 LaTeX color extensions (UK)
 (/usr/local/texlive/2025/texmf-dist/tex/latex/graphics-cfg/color.cfg
File: color.cfg 2016/01/02 v1.6 sample color configuration
)
Package xcolor Info: Driver file: pdftex.def on input line 274.
 (/usr/local/texlive/2025/texmf-dist/tex/latex/graphics-def/pdftex.def
File: pdftex.def 2024/04/13 v1.2c Graphics/color driver for pdftex
) (/usr/local/texlive/2025/texmf-dist/tex/latex/graphics/mathcolor.ltx)
Package xcolor Info: Model `cmy' substituted by `cmy0' on input line 1349.
Package xcolor Info: Model `hsb' substituted by `rgb' on input line 1353.
Package xcolor Info: Model `RGB' extended on input line 1365.
Package xcolor Info: Model `HTML' substituted by `rgb' on input line 1367.
Package xcolor Info: Model `Hsb' substituted by `hsb' on input line 1368.
Package xcolor Info: Model `tHsb' substituted by `hsb' on input line 1369.
Package xcolor Info: Model `HSB' substituted by `hsb' on input line 1370.
Package xcolor Info: Model `Gray' substituted by `gray' on input line 1371.
Package xcolor Info: Model `wave' substituted by `hsb' on input line 1372.
) (/usr/local/texlive/2025/texmf-dist/tex/latex/graphics/dvipsnam.def
File: dvipsnam.def 2016/06/17 v3.0m Driver-dependent file (DPC,SPQR)
) (/usr/local/texlive/2025/texmf-dist/tex/latex/base/textcomp.sty
Package: textcomp 2024/04/24 v2.1b Standard LaTeX package
) (/usr/local/texlive/2025/texmf-dist/tex/latex/textcase/textcase.sty
Package: textcase 2025/02/16 v1.05 Text only upper/lower case changing (DPC)
Package textcase Info: Defining Legacy names on input line 20.
) (/usr/local/texlive/2025/texmf-dist/tex/latex/graphics/graphicx.sty
Package: graphicx 2024/12/31 v1.2e Enhanced LaTeX Graphics (DPC,SPQR)
 (/usr/local/texlive/2025/texmf-dist/tex/latex/graphics/graphics.sty
Package: graphics 2024/08/06 v1.4g Standard LaTeX Graphics (DPC,SPQR)
 (/usr/local/texlive/2025/texmf-dist/tex/latex/graphics/trig.sty
Package: trig 2023/12/02 v1.11 sin cos tan (DPC)
) (/usr/local/texlive/2025/texmf-dist/tex/latex/graphics-cfg/graphics.cfg
File: graphics.cfg 2016/06/04 v1.11 sample graphics configuration
)
Package graphics Info: Driver file: pdftex.def on input line 106.
)
\Gin@req@height=\dimen166
\Gin@req@width=\dimen167
) (/usr/local/texlive/2025/texmf-dist/tex/latex/colortbl/colortbl.sty
Package: colortbl 2024/10/29 v1.0k Color table columns (DPC)
 (/usr/local/texlive/2025/texmf-dist/tex/latex/tools/array.sty
Package: array 2025/06/08 v2.6j Tabular extension package (FMi)
\col@sep=\dimen168
\ar@mcellbox=\box55
\extrarowheight=\dimen169
\NC@list=\toks31
\extratabsurround=\skip61
\backup@length=\skip62
\ar@cellbox=\box56
)
\everycr=\toks32
\minrowclearance=\skip63
\rownum=\count312
) (/usr/local/texlive/2025/texmf-dist/tex/latex/booktabs/booktabs.sty
Package: booktabs 2020/01/12 v1.61803398 Publication quality tables
\heavyrulewidth=\dimen170
\lightrulewidth=\dimen171
\cmidrulewidth=\dimen172
\belowrulesep=\dimen173
\belowbottomsep=\dimen174
\aboverulesep=\dimen175
\abovetopsep=\dimen176
\cmidrulesep=\dimen177
\cmidrulekern=\dimen178
\defaultaddspace=\dimen179
\@cmidla=\count313
\@cmidlb=\count314
\@aboverulesep=\dimen180
\@belowrulesep=\dimen181
\@thisruleclass=\count315
\@lastruleclass=\count316
\@thisrulewidth=\dimen182
) (/usr/local/texlive/2025/texmf-dist/tex/latex/changepage/changepage.sty
Package: changepage 2009/10/20 v1.0c check page and change page layout
\c@cp@cntr=\count317
\cp@tempcnt=\count318
) (/usr/local/texlive/2025/texmf-dist/tex/latex/enumitem/enumitem.sty
Package: enumitem 2025/02/06 v3.11 Customized lists
\labelindent=\skip64
\enit@outerparindent=\dimen183
\enit@toks=\toks33
\enit@inbox=\box57
\enit@count@id=\count319
\enitdp@description=\count320
) (/usr/local/texlive/2025/texmf-dist/tex/latex/tools/tabularx.sty
Package: tabularx 2023/12/11 v2.12a `tabularx' package (DPC)
\TX@col@width=\dimen184
\TX@old@table=\dimen185
\TX@old@col=\dimen186
\TX@target=\dimen187
\TX@delta=\dimen188
\TX@cols=\count321
\TX@ftn=\toks34
) (/usr/local/texlive/2025/texmf-dist/tex/latex/datetime/datetime.sty
Package: datetime 2015/03/20 v2.60 Date Time Package
 (/usr/local/texlive/2025/texmf-dist/tex/latex/fmtcount/fmtcount.sty
Package: fmtcount 2025/02/09 v3.10 Displaying the values of LaTeX counters (NT,VB,NE)
 (/usr/local/texlive/2025/texmf-dist/tex/latex/xkeyval/xkeyval.sty
Package: xkeyval 2022/06/16 v2.9 package option processing (HA)
 (/usr/local/texlive/2025/texmf-dist/tex/generic/xkeyval/xkeyval.tex (/usr/local/texlive/2025/texmf-dist/tex/generic/xkeyval/xkvutils.tex
\XKV@toks=\toks35
\XKV@tempa@toks=\toks36
)
\XKV@depth=\count322
File: xkeyval.tex 2014/12/03 v2.7a key=value parser (HA)
)) (/usr/local/texlive/2025/texmf-dist/tex/latex/fmtcount/fcprefix.sty
Package: fcprefix 2012/09/28
 (/usr/local/texlive/2025/texmf-dist/tex/latex/fmtcount/fcnumparser.sty
Package: fcnumparser 2017/06/15
\fc@digit@counter=\count323
))
\c@padzeroesN=\count324
\fc@tmpcatcode=\count325
 (/usr/local/texlive/2025/texmf-dist/tex/latex/fmtcount/fc-english.def
File: fc-english.def 2016/01/12
)
\@DT@modctr=\count326
\@ordinalctr=\count327
\@orgargctr=\count328
\@strctr=\count329
\@tmpstrctr=\count330
\@DT@loopN=\count331
\@DT@X=\count332
) (/usr/local/texlive/2025/texmf-dist/tex/latex/datetime/datetime-defaults.sty
Package: datetime-defaults 2013/09/10
)
\@day=\count333
\@month=\count334
\@year=\count335
\c@HOUR=\count336
\c@HOURXII=\count337
\c@MINUTE=\count338
\c@TOHOUR=\count339
\c@TOMINUTE=\count340
\c@SECOND=\count341
\currenthour=\count342
\currentminute=\count343
\currentsecond=\count344
Package datetime Info: No datetime.cfg file found, using default settings on input line 308.
\@dtctr=\count345
\dayofyear=\count346
\dayofweek=\count347
LaTeX Info: Redefining \today on input line 736.
\dt@a=\toks37
\dt@b=\toks38
) (/usr/local/texlive/2025/texmf-dist/tex/latex/fancyhdr/fancyhdr.sty
Package: fancyhdr 2025/02/07 v5.2 Extensive control of page headers and footers
\f@nch@headwidth=\skip65
\f@nch@offset@elh=\skip66
\f@nch@offset@erh=\skip67
\f@nch@offset@olh=\skip68
\f@nch@offset@orh=\skip69
\f@nch@offset@elf=\skip70
\f@nch@offset@erf=\skip71
\f@nch@offset@olf=\skip72
\f@nch@offset@orf=\skip73
\f@nch@height=\skip74
\f@nch@footalignment=\skip75
\f@nch@widthL=\skip76
\f@nch@widthC=\skip77
\f@nch@widthR=\skip78
\@temptokenb=\toks39
) (/usr/local/texlive/2025/texmf-dist/tex/latex/lastpage/lastpage.sty
Package: lastpage 2025/06/06 v2.1g lastpage: 2.09 or 2e? (HMM)
 (/usr/local/texlive/2025/texmf-dist/tex/latex/lastpage/lastpage2e.sty
Package: lastpage2e 2025/06/06 v2.1g Decide which 2e lastpage version to use (HMM)
 (/usr/local/texlive/2025/texmf-dist/tex/latex/lastpage/lastpagemodern.sty
Package: lastpagemodern 2025-06-06 v2.1g Refers to last page's name (HMM; JPG)
\c@lastpagecount=\count348
) 
)) (/usr/local/texlive/2025/texmf-dist/tex/latex/titlesec/titlesec.sty
Package: titlesec 2025/01/04 v2.17 Sectioning titles
\ttl@box=\box58
\beforetitleunit=\skip79
\aftertitleunit=\skip80
\ttl@plus=\dimen189
\ttl@minus=\dimen190
\ttl@toksa=\toks40
\titlewidth=\dimen191
\titlewidthlast=\dimen192
\titlewidthfirst=\dimen193
) (/usr/local/texlive/2025/texmf-dist/tex/latex/natbib/bibentry.sty
Package: bibentry 2007/10/30 1.5 (PWD)
) (/usr/local/texlive/2025/texmf-dist/tex/latex/mdframed/mdframed.sty
Package: mdframed 2013/07/01 1.9b: mdframed
 (/usr/local/texlive/2025/texmf-dist/tex/latex/l3packages/xparse/xparse.sty (/usr/local/texlive/2025/texmf-dist/tex/latex/l3kernel/expl3.sty
Package: expl3 2025-07-11 L3 programming layer (loader) 
 (/usr/local/texlive/2025/texmf-dist/tex/latex/l3backend/l3backend-pdftex.def
File: l3backend-pdftex.def 2025-06-09 L3 backend support: PDF output (pdfTeX)
\l__color_backend_stack_int=\count349
))
Package: xparse 2024-08-16 L3 Experimental document command parser
) (/usr/local/texlive/2025/texmf-dist/tex/latex/zref/zref-abspage.sty
Package: zref-abspage 2025-06-08 v2.36 Module abspage for zref (HO)
 (/usr/local/texlive/2025/texmf-dist/tex/latex/zref/zref-base.sty
Package: zref-base 2025-06-08 v2.36 Module base for zref (HO)
 (/usr/local/texlive/2025/texmf-dist/tex/generic/etexcmds/etexcmds.sty
Package: etexcmds 2019/12/15 v1.7 Avoid name clashes with e-TeX commands (HO)
) (/usr/local/texlive/2025/texmf-dist/tex/latex/auxhook/auxhook.sty
Package: auxhook 2019-12-17 v1.6 Hooks for auxiliary files (HO)
)
Package zref Info: New property list: main on input line 767.
Package zref Info: New property: default on input line 768.
Package zref Info: New property: page on input line 769.
)
\c@abspage=\count350
Package zref Info: New property: abspage on input line 67.
) (/usr/local/texlive/2025/texmf-dist/tex/latex/needspace/needspace.sty
Package: needspace 2025/03/13 v1.3e reserve vertical space
)
\mdf@templength=\skip81
\c@mdf@globalstyle@cnt=\count351
\mdf@skipabove@length=\skip82
\mdf@skipbelow@length=\skip83
\mdf@leftmargin@length=\skip84
\mdf@rightmargin@length=\skip85
\mdf@innerleftmargin@length=\skip86
\mdf@innerrightmargin@length=\skip87
\mdf@innertopmargin@length=\skip88
\mdf@innerbottommargin@length=\skip89
\mdf@splittopskip@length=\skip90
\mdf@splitbottomskip@length=\skip91
\mdf@outermargin@length=\skip92
\mdf@innermargin@length=\skip93
\mdf@linewidth@length=\skip94
\mdf@innerlinewidth@length=\skip95
\mdf@middlelinewidth@length=\skip96
\mdf@outerlinewidth@length=\skip97
\mdf@roundcorner@length=\skip98
\mdf@footenotedistance@length=\skip99
\mdf@userdefinedwidth@length=\skip100
\mdf@needspace@length=\skip101
\mdf@frametitleaboveskip@length=\skip102
\mdf@frametitlebelowskip@length=\skip103
\mdf@frametitlerulewidth@length=\skip104
\mdf@frametitleleftmargin@length=\skip105
\mdf@frametitlerightmargin@length=\skip106
\mdf@shadowsize@length=\skip107
\mdf@extratopheight@length=\skip108
\mdf@subtitleabovelinewidth@length=\skip109
\mdf@subtitlebelowlinewidth@length=\skip110
\mdf@subtitleaboveskip@length=\skip111
\mdf@subtitlebelowskip@length=\skip112
\mdf@subtitleinneraboveskip@length=\skip113
\mdf@subtitleinnerbelowskip@length=\skip114
\mdf@subsubtitleabovelinewidth@length=\skip115
\mdf@subsubtitlebelowlinewidth@length=\skip116
\mdf@subsubtitleaboveskip@length=\skip117
\mdf@subsubtitlebelowskip@length=\skip118
\mdf@subsubtitleinneraboveskip@length=\skip119
\mdf@subsubtitleinnerbelowskip@length=\skip120
 (/usr/local/texlive/2025/texmf-dist/tex/latex/mdframed/md-frame-0.mdf
File: md-frame-0.mdf 2013/07/01\ 1.9b: md-frame-0
)
\mdf@frametitlebox=\box59
\mdf@footnotebox=\box60
\mdf@splitbox@one=\box61
\mdf@splitbox@two=\box62
\mdf@splitbox@save=\box63
\mdfsplitboxwidth=\skip121
\mdfsplitboxtotalwidth=\skip122
\mdfsplitboxheight=\skip123
\mdfsplitboxdepth=\skip124
\mdfsplitboxtotalheight=\skip125
\mdfframetitleboxwidth=\skip126
\mdfframetitleboxtotalwidth=\skip127
\mdfframetitleboxheight=\skip128
\mdfframetitleboxdepth=\skip129
\mdfframetitleboxtotalheight=\skip130
\mdffootnoteboxwidth=\skip131
\mdffootnoteboxtotalwidth=\skip132
\mdffootnoteboxheight=\skip133
\mdffootnoteboxdepth=\skip134
\mdffootnoteboxtotalheight=\skip135
\mdftotallinewidth=\skip136
\mdfboundingboxwidth=\skip137
\mdfboundingboxtotalwidth=\skip138
\mdfboundingboxheight=\skip139
\mdfboundingboxdepth=\skip140
\mdfboundingboxtotalheight=\skip141
\mdf@freevspace@length=\skip142
\mdf@horizontalwidthofbox@length=\skip143
\mdf@verticalmarginwhole@length=\skip144
\mdf@horizontalspaceofbox=\skip145
\mdfsubtitleheight=\skip146
\mdfsubsubtitleheight=\skip147
\c@mdfcountframes=\count352

****** mdframed patching \endmdf@trivlist

****** -- success******

\mdf@envdepth=\count353
\c@mdf@env@i=\count354
\c@mdf@env@ii=\count355
\c@mdf@zref@counter=\count356
Package zref Info: New property: mdf@pagevalue on input line 895.
) (/usr/local/texlive/2025/texmf-dist/tex/latex/caption/caption.sty
Package: caption 2023/08/05 v3.6o Customizing captions (AR)
 (/usr/local/texlive/2025/texmf-dist/tex/latex/caption/caption3.sty
Package: caption3 2023/07/31 v2.4d caption3 kernel (AR)
\caption@tempdima=\dimen194
\captionmargin=\dimen195
\caption@leftmargin=\dimen196
\caption@rightmargin=\dimen197
\caption@width=\dimen198
\caption@indent=\dimen199
\caption@parindent=\dimen256
\caption@hangindent=\dimen257
Package caption Info: Standard document class detected.
)
\c@caption@flags=\count357
\c@continuedfloat=\count358
Package caption Info: changepage package is loaded.
\caption@adjustwidth@hsize=\dimen258
\caption@adjustwidth@linewidth=\dimen259
Package caption Info: hyperref package is loaded.
) (/usr/local/texlive/2025/texmf-dist/tex/generic/soul/soul.sty
Package: soul 2023-06-14 v3.1 Permit use of UTF-8 characters in soul (HO)
 (/usr/local/texlive/2025/texmf-dist/tex/generic/soul/soul-ori.sty
Package: soul-ori 2023-06-14 v3.1 letterspacing/underlining (mf)
\SOUL@word=\toks41
\SOUL@lasttoken=\toks42
\SOUL@syllable=\toks43
\SOUL@cmds=\toks44
\SOUL@buffer=\toks45
\SOUL@token=\toks46
\SOUL@syllgoal=\dimen260
\SOUL@syllwidth=\dimen261
\SOUL@charkern=\dimen262
\SOUL@hyphkern=\dimen263
\SOUL@dimen=\dimen264
\SOUL@dimeni=\dimen265
\SOUL@minus=\count359
\SOUL@comma=\count360
\SOUL@apo=\count361
\SOUL@grave=\count362
\SOUL@spaceskip=\skip148
\SOUL@ttwidth=\dimen266
\SOUL@uldp=\dimen267
\SOUL@ulht=\dimen268
)) (/usr/local/texlive/2025/texmf-dist/tex/latex/xcharter/XCharter.sty
Package: XCharter 2023/07/21 v1.25
 `XCharter' v1.25, 2023/07/21 Text macros for XCharter, an extension of Charter (msharpe) (/usr/local/texlive/2025/texmf-dist/tex/generic/xstring/xstring.sty (/usr/local/texlive/2025/texmf-dist/tex/generic/xstring/xstring.tex
\xs_counta=\count363
\xs_countb=\count364
)
Package: xstring 2023/08/22 v1.86 String manipulations (CT)
) (/usr/local/texlive/2025/texmf-dist/tex/latex/carlisle/scalefnt.sty) (/usr/local/texlive/2025/texmf-dist/tex/latex/base/fontenc.sty
Package: fontenc 2024/12/21 v2.1c Standard LaTeX package
)
LaTeX Font Info:    Setting XCharter-LF sub-encoding to TS1/0 on input line 37.
LaTeX Font Info:    Changing XCharter-TLF sub-encoding to TS1/0 on input line 37.
LaTeX Font Info:    Setting XCharter-OsF sub-encoding to TS1/0 on input line 37.
LaTeX Font Info:    Changing XCharter-TOsF sub-encoding to TS1/0 on input line 37.
\xch@cnt=\count365
 (/usr/local/texlive/2025/texmf-dist/tex/latex/fontaxes/fontaxes.sty
Package: fontaxes 2025-05-24 v2.0.1 Font selection axes (deprecated)
 (/usr/local/texlive/2025/texmf-dist/tex/latex/figureversions/figureversions.sty
Package: figureversions 2025-04-29 v1.0.1 Figure versions
))
LaTeX Info: Redefining \textsu on input line 737.
LaTeX Info: Redefining \textde on input line 740.
LaTeX Info: Redefining \textinf on input line 742.
) (/usr/local/texlive/2025/texmf-dist/tex/latex/newtx/newtxmath.sty
Package: newtxmath 2024/09/22 v1.754
 `newtxmath' v1.754, 2024/09/22 Math macros based originally on txfonts (msharpe) (/usr/local/texlive/2025/texmf-dist/tex/latex/oberdiek/centernot.sty
Package: centernot 2016/05/16 v1.4 Centers the not symbol horizontally (HO)
)
\tx@cntz=\count366
 (/usr/local/texlive/2025/texmf-dist/tex/generic/kastrup/binhex.tex)
\tx@Isdigit=\count367
\tx@IsAlNum=\count368
\tx@tA=\toks47
\tx@tB=\toks48
\tx@su=\read3

amsthm NOT loaded
LaTeX Font Info:    Redeclaring symbol font `operators' on input line 402.
LaTeX Font Info:    Overwriting symbol font `operators' in version `normal'
(Font)                  OT1/cmr/m/n --> OT1/XCharter-TLF/m/n on input line 402.
LaTeX Font Info:    Overwriting symbol font `operators' in version `bold'
(Font)                  OT1/cmr/bx/n --> OT1/XCharter-TLF/m/n on input line 402.
LaTeX Font Info:    Overwriting symbol font `operators' in version `bold'
(Font)                  OT1/XCharter-TLF/m/n --> OT1/XCharter-TLF/b/n on input line 403.
LaTeX Font Info:    Redeclaring math alphabet \mathsf on input line 410.
LaTeX Font Info:    Overwriting math alphabet `\mathsf' in version `normal'
(Font)                  OT1/cmss/m/n --> OT1/cmss/m/n on input line 410.
LaTeX Font Info:    Overwriting math alphabet `\mathsf' in version `bold'
(Font)                  OT1/cmss/bx/n --> OT1/cmss/m/n on input line 410.
LaTeX Font Info:    Overwriting math alphabet `\mathsf' in version `bold'
(Font)                  OT1/cmss/m/n --> OT1/cmss/b/n on input line 412.
LaTeX Font Info:    Redeclaring math alphabet \mathit on input line 419.
LaTeX Font Info:    Overwriting math alphabet `\mathit' in version `normal'
(Font)                  OT1/cmr/m/it --> OT1/XCharter-TLF/m/it on input line 419.
LaTeX Font Info:    Overwriting math alphabet `\mathit' in version `bold'
(Font)                  OT1/cmr/bx/it --> OT1/XCharter-TLF/m/it on input line 419.
LaTeX Font Info:    Redeclaring math alphabet \mathtt on input line 420.
LaTeX Font Info:    Overwriting math alphabet `\mathtt' in version `normal'
(Font)                  OT1/cmtt/m/n --> T1/cmtt/m/n on input line 420.
LaTeX Font Info:    Overwriting math alphabet `\mathtt' in version `bold'
(Font)                  OT1/cmtt/m/n --> T1/cmtt/m/n on input line 420.
LaTeX Font Info:    Redeclaring math alphabet \mathbf on input line 422.
LaTeX Font Info:    Overwriting math alphabet `\mathbf' in version `normal'
(Font)                  OT1/cmr/bx/n --> OT1/XCharter-TLF/b/n on input line 422.
LaTeX Font Info:    Overwriting math alphabet `\mathbf' in version `bold'
(Font)                  OT1/cmr/bx/n --> OT1/XCharter-TLF/b/n on input line 422.
LaTeX Font Info:    Overwriting math alphabet `\mathit' in version `bold'
(Font)                  OT1/XCharter-TLF/m/it --> OT1/XCharter-TLF/b/it on input line 423.
LaTeX Font Info:    Overwriting math alphabet `\mathtt' in version `bold'
(Font)                  T1/cmtt/m/n --> T1/cmtt/b/n on input line 426.
LaTeX Font Info:    Redeclaring symbol font `letters' on input line 474.
LaTeX Font Info:    Overwriting symbol font `letters' in version `normal'
(Font)                  OML/cmm/m/it --> OML/zchmi/m/it on input line 474.
LaTeX Font Info:    Overwriting symbol font `letters' in version `bold'
(Font)                  OML/cmm/b/it --> OML/zchmi/m/it on input line 474.
LaTeX Font Info:    Overwriting symbol font `letters' in version `bold'
(Font)                  OML/zchmi/m/it --> OML/zchmi/b/it on input line 475.
\symlettersA=\mathgroup6
LaTeX Font Info:    Overwriting symbol font `lettersA' in version `bold'
(Font)                  U/ntxmia/m/it --> U/ntxmia/b/it on input line 582.
LaTeX Font Info:    Redeclaring math alphabet \mathfrak on input line 584.
Now handling font encoding LMS ...
... no UTF-8 mapping file for font encoding LMS
LaTeX Font Info:    Redeclaring symbol font `symbols' on input line 604.
LaTeX Font Info:    Encoding `OMS' has changed to `LMS' for symbol font
(Font)              `symbols' in the math version `normal' on input line 604.
LaTeX Font Info:    Overwriting symbol font `symbols' in version `normal'
(Font)                  OMS/cmsy/m/n --> LMS/ntxsy/m/n on input line 604.
LaTeX Font Info:    Encoding `OMS' has changed to `LMS' for symbol font
(Font)              `symbols' in the math version `bold' on input line 604.
LaTeX Font Info:    Overwriting symbol font `symbols' in version `bold'
(Font)                  OMS/cmsy/b/n --> LMS/ntxsy/m/n on input line 604.
LaTeX Font Info:    Overwriting symbol font `symbols' in version `bold'
(Font)                  LMS/ntxsy/m/n --> LMS/ntxsy/b/n on input line 605.
\symAMSm=\mathgroup7
LaTeX Font Info:    Overwriting symbol font `AMSm' in version `bold'
(Font)                  U/ntxsym/m/n --> U/ntxsym/b/n on input line 630.
\symsymbolsC=\mathgroup8
LaTeX Font Info:    Overwriting symbol font `symbolsC' in version `bold'
(Font)                  U/ntxsyc/m/n --> U/ntxsyc/b/n on input line 651.
Now handling font encoding LMX ...
... no UTF-8 mapping file for font encoding LMX
LaTeX Font Info:    Redeclaring symbol font `largesymbols' on input line 664.
LaTeX Font Info:    Encoding `OMX' has changed to `LMX' for symbol font
(Font)              `largesymbols' in the math version `normal' on input line 664.
LaTeX Font Info:    Overwriting symbol font `largesymbols' in version `normal'
(Font)                  OMX/cmex/m/n --> LMX/ntxexx/m/n on input line 664.
LaTeX Font Info:    Encoding `OMX' has changed to `LMX' for symbol font
(Font)              `largesymbols' in the math version `bold' on input line 664.
LaTeX Font Info:    Overwriting symbol font `largesymbols' in version `bold'
(Font)                  OMX/cmex/m/n --> LMX/ntxexx/m/n on input line 664.
LaTeX Font Info:    Overwriting symbol font `largesymbols' in version `bold'
(Font)                  LMX/ntxexx/m/n --> LMX/ntxexx/b/n on input line 665.
\symlargesymbolsTXA=\mathgroup9
LaTeX Font Info:    Overwriting symbol font `largesymbolsTXA' in version `bold'
(Font)                  U/ntxexa/m/n --> U/ntxexa/b/n on input line 679.
\tx@sbptoks=\toks49
LaTeX Font Info:    Redeclaring math delimiter \lfloor on input line 902.
LaTeX Font Info:    Redeclaring math delimiter \rfloor on input line 903.
LaTeX Font Info:    Redeclaring math delimiter \lceil on input line 904.
LaTeX Font Info:    Redeclaring math delimiter \rceil on input line 905.
LaTeX Font Info:    Redeclaring math delimiter \lbrace on input line 910.
LaTeX Font Info:    Redeclaring math delimiter \rbrace on input line 911.
LaTeX Font Info:    Redeclaring math delimiter \langle on input line 913.
LaTeX Font Info:    Redeclaring math delimiter \rangle on input line 915.
LaTeX Font Info:    Redeclaring math delimiter \arrowvert on input line 919.
LaTeX Font Info:    Redeclaring math delimiter \vert on input line 920.
LaTeX Font Info:    Redeclaring math accent \dot on input line 991.
LaTeX Font Info:    Redeclaring math accent \ddot on input line 992.
LaTeX Font Info:    Redeclaring math accent \vec on input line 2057.
LaTeX Info: Redefining \Bbbk on input line 2847.
LaTeX Info: Redefining \not on input line 2995.
LaTeX Info: Redefining \textsquare on input line 3025.
LaTeX Info: Redefining \openbox on input line 3027.
) (/usr/local/texlive/2025/texmf-dist/tex/latex/zlmtt/zlmtt.sty
Package: zlmtt 2022/08/07 v1.032. Alternate support package for Latin Modern TypeWriter
LaTeX Font Info:    Setting zlmtt sub-encoding to TS1/0 on input line 6.
) (/usr/local/texlive/2025/texmf-dist/tex/latex/geometry/geometry.sty
Package: geometry 2020/01/02 v5.9 Page Geometry
 (/usr/local/texlive/2025/texmf-dist/tex/generic/iftex/ifvtex.sty
Package: ifvtex 2019/10/25 v1.7 ifvtex legacy package. Use iftex instead.
)
\Gm@cnth=\count369
\Gm@cntv=\count370
\c@Gm@tempcnt=\count371
\Gm@bindingoffset=\dimen269
\Gm@wd@mp=\dimen270
\Gm@odd@mp=\dimen271
\Gm@even@mp=\dimen272
\Gm@layoutwidth=\dimen273
\Gm@layoutheight=\dimen274
\Gm@layouthoffset=\dimen275
\Gm@layoutvoffset=\dimen276
\Gm@dimlist=\toks50
)
\correspondingauthor=\toks51
\paperurl=\toks52
\reportnumber=\toks53
 (/usr/local/texlive/2025/texmf-dist/tex/latex/preprint/authblk.sty
Package: authblk 2001/02/27 1.3 (PWD)
\affilsep=\skip149
\@affilsep=\skip150
\c@Maxaffil=\count372
\c@authors=\count373
\c@affil=\count374
)
Package caption Info: Option `figurename' requires the `newfloat' package on input line 423.
 (/usr/local/texlive/2025/texmf-dist/tex/latex/newfloat/newfloat.sty
Package: newfloat 2023/10/01 v1.2 Defining new floating environments (AR)
Package newfloat Info: Unsupported document class, or \@chapter 
(newfloat)             was already redefined by another package.
Package newfloat Info: \@chapter = macro:->\def \Hy@next {\Hy@MakeCurrentHrefAuto {\Hy@chapapp *}\Hy@raisedlink {\hyper@anchorstart {\@currentHref }\hyper@anchorend }}\ifnum \c@secnumdepth >\m@ne \@ifundefined {if@mainmatter}\iftrue {\csname if@mainmatter\endcsname }\let \Hy@next \relax \fi \fi \Hy@next \Hy@org@chapter .
Package newfloat Info: \Hy@org@chapter = macro:[#1]#2->\NR@gettitle {#1}\NR@chapter [{#1}]{#2}.
Package newfloat Info: \algocf@original@chapter = undefined.
)) (/usr/local/texlive/2025/texmf-dist/tex/latex/microtype/microtype.sty
Package: microtype 2025/07/09 v3.2b Micro-typographical refinements (RS)
\MT@toks=\toks54
\MT@tempbox=\box64
\MT@count=\count375
LaTeX Info: Redefining \noprotrusionifhmode on input line 1087.
LaTeX Info: Redefining \leftprotrusion on input line 1088.
\MT@prot@toks=\toks55
LaTeX Info: Redefining \rightprotrusion on input line 1107.
LaTeX Info: Redefining \textls on input line 1449.
\MT@outer@kern=\dimen277
LaTeX Info: Redefining \microtypecontext on input line 2053.
LaTeX Info: Redefining \textmicrotypecontext on input line 2070.
\MT@listname@count=\count376
 (/usr/local/texlive/2025/texmf-dist/tex/latex/microtype/microtype-pdftex.def
File: microtype-pdftex.def 2025/07/09 v3.2b Definitions specific to pdftex (RS)
LaTeX Info: Redefining \lsstyle on input line 944.
LaTeX Info: Redefining \lslig on input line 944.
\MT@outer@space=\skip151
)
Package microtype Info: Loading configuration file microtype.cfg.
 (/usr/local/texlive/2025/texmf-dist/tex/latex/microtype/microtype.cfg
File: microtype.cfg 2025/07/09 v3.2b microtype main configuration file (RS)
)
LaTeX Info: Redefining \microtypesetup on input line 3065.
) (/usr/local/texlive/2025/texmf-dist/tex/latex/caption/subcaption.sty
Package: subcaption 2023/07/28 v1.6b Sub-captions (AR)
Package caption Info: New subtype `subfigure' on input line 238.
\c@subfigure=\count377
Package caption Info: New subtype `subtable' on input line 238.
\c@subtable=\count378
) (/usr/local/texlive/2025/texmf-dist/tex/latex/titlepic/titlepic.sty
Package: titlepic 2017/03/14 1.2 Package to display a picture on the title page
) (/usr/local/texlive/2025/texmf-dist/tex/latex/tools/bm.sty
Package: bm 2023/12/19 v1.2f Bold Symbol Support (DPC/FMi)
\symboldoperators=\mathgroup10
\symboldletters=\mathgroup11
\symboldsymbols=\mathgroup12
\symboldlargesymbols=\mathgroup13
Package bm Info: No bold for \U/msa/m/n, using \pmb.
Package bm Info: No bold for \U/msb/m/n, using \pmb.
LaTeX Font Info:    Redeclaring math alphabet \mathbf on input line 149.
) (/usr/local/texlive/2025/texmf-dist/tex/latex/multirow/multirow.sty
Package: multirow 2024/11/12 v2.9 Span multiple rows of a table
\multirow@colwidth=\skip152
\multirow@cntb=\count379
\multirow@dima=\skip153
\bigstrutjot=\dimen278
) (/usr/local/texlive/2025/texmf-dist/tex/latex/wrapfig/wrapfig.sty
\wrapoverhang=\dimen279
\WF@size=\dimen280
\c@WF@wrappedlines=\count380
\WF@box=\box65
\WF@everypar=\toks56
Package: wrapfig 2003/01/31  v 3.6
) (/usr/local/texlive/2025/texmf-dist/tex/latex/thmtools/thmtools.sty
Package: thmtools 2023/05/04 v0.76
\thmt@toks=\toks57
\c@thmt@dummyctr=\count381
 (/usr/local/texlive/2025/texmf-dist/tex/latex/thmtools/thm-patch.sty
Package: thm-patch 2023/05/04 v0.76
 (/usr/local/texlive/2025/texmf-dist/tex/latex/thmtools/parseargs.sty
Package: parseargs 2023/05/04 v0.76
\@parsespec=\toks58
)) (/usr/local/texlive/2025/texmf-dist/tex/latex/thmtools/thm-kv.sty
Package: thm-kv 2023/05/04 v0.76
Package thm-kv Info: Theorem names will be uppercased on input line 42.
Package thm-kv Info: kvsetkeys patch (v1.16 or later) on input line 158.
) (/usr/local/texlive/2025/texmf-dist/tex/latex/thmtools/thm-autoref.sty
Package: thm-autoref 2023/05/04 v0.76
 (/usr/local/texlive/2025/texmf-dist/tex/latex/thmtools/aliasctr.sty
Package: aliasctr 2023/05/04 v0.76
)) (/usr/local/texlive/2025/texmf-dist/tex/latex/thmtools/thm-listof.sty
Package: thm-listof 2023/05/04 v0.76
) (/usr/local/texlive/2025/texmf-dist/tex/latex/thmtools/thm-restate.sty
Package: thm-restate 2023/05/04 v0.76
) (/usr/local/texlive/2025/texmf-dist/tex/latex/thmtools/thm-amsthm.sty
Package: thm-amsthm 2023/05/04 v0.76
\thmt@style@headstyle=\toks59
)) (/usr/local/texlive/2025/texmf-dist/tex/latex/cleveref/cleveref.sty
Package: cleveref 2018/03/27 v0.21.4 Intelligent cross-referencing
Package cleveref Info: `hyperref' support loaded on input line 2370.
LaTeX Info: Redefining \cref on input line 2370.
LaTeX Info: Redefining \Cref on input line 2370.
LaTeX Info: Redefining \crefrange on input line 2370.
LaTeX Info: Redefining \Crefrange on input line 2370.
LaTeX Info: Redefining \cpageref on input line 2370.
LaTeX Info: Redefining \Cpageref on input line 2370.
LaTeX Info: Redefining \cpagerefrange on input line 2370.
LaTeX Info: Redefining \Cpagerefrange on input line 2370.
LaTeX Info: Redefining \labelcref on input line 2370.
LaTeX Info: Redefining \labelcpageref on input line 2370.
Package cleveref Info: `amsthm' support loaded on input line 3026.
)
==> First Aid for cleveref.sty applied!
(/usr/local/texlive/2025/texmf-dist/tex/latex/xfrac/xfrac.sty
Package: xfrac 2024-06-04 Split-level fractions
\l__xfrac_slash_box=\box66
\l__xfrac_tmp_box=\box67
\l__xfrac_denominator_bot_sep_dim=\dimen281
\l__xfrac_numerator_bot_sep_dim=\dimen282
\l__xfrac_numerator_top_sep_dim=\dimen283
\l__xfrac_slash_left_sep_dim=\dimen284
\l__xfrac_slash_right_sep_dim=\dimen285
\l__xfrac_slash_left_muskip=\muskip19
\l__xfrac_slash_right_muskip=\muskip20

LaTeX template Info: Declaring template type 'xfrac' taking 3 argument(s) on
(template)           line 100.


LaTeX template Info: Declaring instance 'cmr' of type xfrac on line 392.


LaTeX template Info: Declaring instance 'cmss' of type xfrac on line 392.


LaTeX template Info: Declaring instance 'cmtt' of type xfrac on line 392.

) (/usr/local/texlive/2025/texmf-dist/tex/latex/tex-gyre/tgpagella.sty
Package: tgpagella 2009/09/27 v1.2 TeX Gyre Pagella as default roman family
) (/usr/local/texlive/2025/texmf-dist/tex/latex/base/fontenc.sty
Package: fontenc 2024/12/21 v2.1c Standard LaTeX package
LaTeX Font Info:    Trying to load font information for T1+qpl on input line 116.
 (/usr/local/texlive/2025/texmf-dist/tex/latex/tex-gyre/t1qpl.fd
File: t1qpl.fd 2009/09/25 v1.2 font definition file for T1/qpl
)) (/usr/local/texlive/2025/texmf-dist/tex/latex/algorithms/algorithm.sty
Package: algorithm 2009/08/24 v0.1 Document Style `algorithm' - floating environment
 (/usr/local/texlive/2025/texmf-dist/tex/latex/float/float.sty
Package: float 2001/11/08 v1.3d Float enhancements (AL)
\c@float@type=\count382
\float@exts=\toks60
\float@box=\box68
\@float@everytoks=\toks61
\@floatcapt=\box69
)
\@float@every@algorithm=\toks62
\c@algorithm=\count383
) (/usr/local/texlive/2025/texmf-dist/tex/latex/algorithms/algorithmic.sty
Package: algorithmic 2009/08/24 v0.1 Document Style `algorithmic'
\c@ALC@unique=\count384
\c@ALC@line=\count385
\c@ALC@rem=\count386
\c@ALC@depth=\count387
\ALC@tlm=\skip154
\algorithmicindent=\skip155
) (/usr/local/texlive/2025/texmf-dist/tex/latex/natbib/natbib.sty
Package: natbib 2010/09/13 8.31b (PWD, AO)
\bibhang=\skip156
\bibsep=\skip157
LaTeX Info: Redefining \cite on input line 694.
\c@NAT@ctr=\count388
) (/usr/local/texlive/2025/texmf-dist/tex/latex/adjustbox/adjustbox.sty
Package: adjustbox 2025/02/26 v1.3c Adjusting TeX boxes (trim, clip, ...)
 (/usr/local/texlive/2025/texmf-dist/tex/latex/adjustbox/adjcalc.sty
Package: adjcalc 2012/05/16 v1.1 Provides advanced setlength with multiple back-ends (calc, etex, pgfmath)
) (/usr/local/texlive/2025/texmf-dist/tex/latex/adjustbox/trimclip.sty
Package: trimclip 2025/02/21 v1.2a Trim and clip general TeX material
 (/usr/local/texlive/2025/texmf-dist/tex/latex/collectbox/collectbox.sty
Package: collectbox 2022/10/17 v0.4c Collect macro arguments as boxes
\collectedbox=\box70
)
\tc@llx=\dimen286
\tc@lly=\dimen287
\tc@urx=\dimen288
\tc@ury=\dimen289
Package trimclip Info: Using driver 'tc-pdftex.def'.
 (/usr/local/texlive/2025/texmf-dist/tex/latex/adjustbox/tc-pdftex.def
File: tc-pdftex.def 2025/02/26 v2.3 Clipping driver for pdftex
))
\adjbox@Width=\dimen290
\adjbox@Height=\dimen291
\adjbox@Depth=\dimen292
\adjbox@Totalheight=\dimen293
\adjbox@pwidth=\dimen294
\adjbox@pheight=\dimen295
\adjbox@pdepth=\dimen296
\adjbox@ptotalheight=\dimen297
 (/usr/local/texlive/2025/texmf-dist/tex/latex/ifoddpage/ifoddpage.sty
Package: ifoddpage 2022/10/18 v1.2 Conditionals for odd/even page detection
\c@checkoddpage=\count389
LaTeX Info: Redefining \checkoddpage on input line 45.
) (/usr/local/texlive/2025/texmf-dist/tex/latex/varwidth/varwidth.sty
Package: varwidth 2009/03/30 ver 0.92;  Variable-width minipages
\@vwid@box=\box71
\sift@deathcycles=\count390
\@vwid@loff=\dimen298
\@vwid@roff=\dimen299
)
==> First Aid for varwidth.sty applied!
) (/usr/local/texlive/2025/texmf-dist/tex/latex/makecell/makecell.sty
Package: makecell 2009/08/03 V0.1e Managing of Tab Column Heads and Cells
\rotheadsize=\dimen300
\c@nlinenum=\count391
\TeXr@lab=\toks63
) (/usr/local/texlive/2025/texmf-dist/tex/latex/units/nicefrac.sty
Package: nicefrac 1998/08/04 v0.9b Nice fractions
\L@UnitsRaiseDisplaystyle=\skip158
\L@UnitsRaiseTextstyle=\skip159
\L@UnitsRaiseScriptstyle=\skip160
) (/usr/local/texlive/2025/texmf-dist/tex/latex/xcolor/svgnam.def
File: svgnam.def 2024/09/29 v3.02 Predefined colors according to SVG 1.1 (UK)
) (/usr/local/texlive/2025/texmf-dist/tex/latex/graphics/rotating.sty
Package: rotating 2025/01/14 v2.16e rotated objects in LaTeX
\c@r@tfl@t=\count392
\rotFPtop=\skip161
\rotFPbot=\skip162
\rot@float@box=\box72
\rot@mess@toks=\toks64
) (/usr/local/texlive/2025/texmf-dist/tex/latex/tablefootnote/tablefootnote.sty
Package: tablefootnote 2014/01/26 v1.1c Table foot notes (HMM)
 (/usr/local/texlive/2025/texmf-dist/tex/latex/letltxmacro/letltxmacro.sty
Package: letltxmacro 2019/12/03 v1.6 Let assignment for LaTeX macros (HO)
)) (/usr/local/texlive/2025/texmf-dist/tex/latex/appendix/appendix.sty
Package: appendix 2020/02/08 v1.2c extra appendix facilities
\c@@pps=\count393
\c@@ppsavesec=\count394
\c@@ppsaveapp=\count395
) (/usr/local/texlive/2025/texmf-dist/tex/latex/mathtools/mathtools.sty
Package: mathtools 2024/10/04 v1.31 mathematical typesetting tools
 (/usr/local/texlive/2025/texmf-dist/tex/latex/mathtools/mhsetup.sty
Package: mhsetup 2021/03/18 v1.4 programming setup (MH)
)
\g_MT_multlinerow_int=\count396
\l_MT_multwidth_dim=\dimen301
\origjot=\skip163
\l_MT_shortvdotswithinadjustabove_dim=\dimen302
\l_MT_shortvdotswithinadjustbelow_dim=\dimen303
\l_MT_above_intertext_sep=\dimen304
\l_MT_below_intertext_sep=\dimen305
\l_MT_above_shortintertext_sep=\dimen306
\l_MT_below_shortintertext_sep=\dimen307
\xmathstrut@box=\box73
\xmathstrut@dim=\dimen308
) (/usr/local/texlive/2025/texmf-dist/tex/latex/base/fontenc.sty
Package: fontenc 2024/12/21 v2.1c Standard LaTeX package
) (/usr/local/texlive/2025/texmf-dist/tex/latex/listings/listings.sty
\lst@mode=\count397
\lst@gtempboxa=\box74
\lst@token=\toks65
\lst@length=\count398
\lst@currlwidth=\dimen309
\lst@column=\count399
\lst@pos=\count400
\lst@lostspace=\dimen310
\lst@width=\dimen311
\lst@newlines=\count401
\lst@lineno=\count402
\lst@maxwidth=\dimen312
 (/usr/local/texlive/2025/texmf-dist/tex/latex/listings/lstpatch.sty
File: lstpatch.sty 2024/09/23 1.10c (Carsten Heinz)
) (/usr/local/texlive/2025/texmf-dist/tex/latex/listings/lstmisc.sty
File: lstmisc.sty 2024/09/23 1.10c (Carsten Heinz)
\c@lstnumber=\count403
\lst@skipnumbers=\count404
\lst@framebox=\box75
) (/usr/local/texlive/2025/texmf-dist/tex/latex/listings/listings.cfg
File: listings.cfg 2024/09/23 1.10c listings configuration
))
Package: listings 2024/09/23 1.10c (Carsten Heinz)
 (/usr/local/texlive/2025/texmf-dist/tex/latex/pgf/frontendlayer/tikz.sty (/usr/local/texlive/2025/texmf-dist/tex/latex/pgf/basiclayer/pgf.sty (/usr/local/texlive/2025/texmf-dist/tex/latex/pgf/utilities/pgfrcs.sty (/usr/local/texlive/2025/texmf-dist/tex/generic/pgf/utilities/pgfutil-common.tex
\pgfutil@everybye=\toks66
\pgfutil@tempdima=\dimen313
\pgfutil@tempdimb=\dimen314
) (/usr/local/texlive/2025/texmf-dist/tex/generic/pgf/utilities/pgfutil-latex.def
\pgfutil@abb=\box76
) (/usr/local/texlive/2025/texmf-dist/tex/generic/pgf/utilities/pgfrcs.code.tex (/usr/local/texlive/2025/texmf-dist/tex/generic/pgf/pgf.revision.tex)
Package: pgfrcs 2023-01-15 v3.1.10 (3.1.10)
))
Package: pgf 2023-01-15 v3.1.10 (3.1.10)
 (/usr/local/texlive/2025/texmf-dist/tex/latex/pgf/basiclayer/pgfcore.sty (/usr/local/texlive/2025/texmf-dist/tex/latex/pgf/systemlayer/pgfsys.sty (/usr/local/texlive/2025/texmf-dist/tex/generic/pgf/systemlayer/pgfsys.code.tex
Package: pgfsys 2023-01-15 v3.1.10 (3.1.10)
 (/usr/local/texlive/2025/texmf-dist/tex/generic/pgf/utilities/pgfkeys.code.tex
\pgfkeys@pathtoks=\toks67
\pgfkeys@temptoks=\toks68
 (/usr/local/texlive/2025/texmf-dist/tex/generic/pgf/utilities/pgfkeyslibraryfiltered.code.tex
\pgfkeys@tmptoks=\toks69
))
\pgf@x=\dimen315
\pgf@y=\dimen316
\pgf@xa=\dimen317
\pgf@ya=\dimen318
\pgf@xb=\dimen319
\pgf@yb=\dimen320
\pgf@xc=\dimen321
\pgf@yc=\dimen322
\pgf@xd=\dimen323
\pgf@yd=\dimen324
\w@pgf@writea=\write3
\r@pgf@reada=\read4
\c@pgf@counta=\count405
\c@pgf@countb=\count406
\c@pgf@countc=\count407
\c@pgf@countd=\count408
\t@pgf@toka=\toks70
\t@pgf@tokb=\toks71
\t@pgf@tokc=\toks72
\pgf@sys@id@count=\count409
 (/usr/local/texlive/2025/texmf-dist/tex/generic/pgf/systemlayer/pgf.cfg
File: pgf.cfg 2023-01-15 v3.1.10 (3.1.10)
)
Driver file for pgf: pgfsys-pdftex.def
 (/usr/local/texlive/2025/texmf-dist/tex/generic/pgf/systemlayer/pgfsys-pdftex.def
File: pgfsys-pdftex.def 2023-01-15 v3.1.10 (3.1.10)
 (/usr/local/texlive/2025/texmf-dist/tex/generic/pgf/systemlayer/pgfsys-common-pdf.def
File: pgfsys-common-pdf.def 2023-01-15 v3.1.10 (3.1.10)
))) (/usr/local/texlive/2025/texmf-dist/tex/generic/pgf/systemlayer/pgfsyssoftpath.code.tex
File: pgfsyssoftpath.code.tex 2023-01-15 v3.1.10 (3.1.10)
\pgfsyssoftpath@smallbuffer@items=\count410
\pgfsyssoftpath@bigbuffer@items=\count411
) (/usr/local/texlive/2025/texmf-dist/tex/generic/pgf/systemlayer/pgfsysprotocol.code.tex
File: pgfsysprotocol.code.tex 2023-01-15 v3.1.10 (3.1.10)
)) (/usr/local/texlive/2025/texmf-dist/tex/generic/pgf/basiclayer/pgfcore.code.tex
Package: pgfcore 2023-01-15 v3.1.10 (3.1.10)
 (/usr/local/texlive/2025/texmf-dist/tex/generic/pgf/math/pgfmath.code.tex (/usr/local/texlive/2025/texmf-dist/tex/generic/pgf/math/pgfmathutil.code.tex) (/usr/local/texlive/2025/texmf-dist/tex/generic/pgf/math/pgfmathparser.code.tex
\pgfmath@dimen=\dimen325
\pgfmath@count=\count412
\pgfmath@box=\box77
\pgfmath@toks=\toks73
\pgfmath@stack@operand=\toks74
\pgfmath@stack@operation=\toks75
) (/usr/local/texlive/2025/texmf-dist/tex/generic/pgf/math/pgfmathfunctions.code.tex) (/usr/local/texlive/2025/texmf-dist/tex/generic/pgf/math/pgfmathfunctions.basic.code.tex) (/usr/local/texlive/2025/texmf-dist/tex/generic/pgf/math/pgfmathfunctions.trigonometric.code.tex) (/usr/local/texlive/2025/texmf-dist/tex/generic/pgf/math/pgfmathfunctions.random.code.tex) (/usr/local/texlive/2025/texmf-dist/tex/generic/pgf/math/pgfmathfunctions.comparison.code.tex) (/usr/local/texlive/2025/texmf-dist/tex/generic/pgf/math/pgfmathfunctions.base.code.tex) (/usr/local/texlive/2025/texmf-dist/tex/generic/pgf/math/pgfmathfunctions.round.code.tex) (/usr/local/texlive/2025/texmf-dist/tex/generic/pgf/math/pgfmathfunctions.misc.code.tex) (/usr/local/texlive/2025/texmf-dist/tex/generic/pgf/math/pgfmathfunctions.integerarithmetics.code.tex) (/usr/local/texlive/2025/texmf-dist/tex/generic/pgf/math/pgfmathcalc.code.tex) (/usr/local/texlive/2025/texmf-dist/tex/generic/pgf/math/pgfmathfloat.code.tex
\c@pgfmathroundto@lastzeros=\count413
)) (/usr/local/texlive/2025/texmf-dist/tex/generic/pgf/math/pgfint.code.tex) (/usr/local/texlive/2025/texmf-dist/tex/generic/pgf/basiclayer/pgfcorepoints.code.tex
File: pgfcorepoints.code.tex 2023-01-15 v3.1.10 (3.1.10)
\pgf@picminx=\dimen326
\pgf@picmaxx=\dimen327
\pgf@picminy=\dimen328
\pgf@picmaxy=\dimen329
\pgf@pathminx=\dimen330
\pgf@pathmaxx=\dimen331
\pgf@pathminy=\dimen332
\pgf@pathmaxy=\dimen333
\pgf@xx=\dimen334
\pgf@xy=\dimen335
\pgf@yx=\dimen336
\pgf@yy=\dimen337
\pgf@zx=\dimen338
\pgf@zy=\dimen339
) (/usr/local/texlive/2025/texmf-dist/tex/generic/pgf/basiclayer/pgfcorepathconstruct.code.tex
File: pgfcorepathconstruct.code.tex 2023-01-15 v3.1.10 (3.1.10)
\pgf@path@lastx=\dimen340
\pgf@path@lasty=\dimen341
) (/usr/local/texlive/2025/texmf-dist/tex/generic/pgf/basiclayer/pgfcorepathusage.code.tex
File: pgfcorepathusage.code.tex 2023-01-15 v3.1.10 (3.1.10)
\pgf@shorten@end@additional=\dimen342
\pgf@shorten@start@additional=\dimen343
) (/usr/local/texlive/2025/texmf-dist/tex/generic/pgf/basiclayer/pgfcorescopes.code.tex
File: pgfcorescopes.code.tex 2023-01-15 v3.1.10 (3.1.10)
\pgfpic=\box78
\pgf@hbox=\box79
\pgf@layerbox@main=\box80
\pgf@picture@serial@count=\count414
) (/usr/local/texlive/2025/texmf-dist/tex/generic/pgf/basiclayer/pgfcoregraphicstate.code.tex
File: pgfcoregraphicstate.code.tex 2023-01-15 v3.1.10 (3.1.10)
\pgflinewidth=\dimen344
) (/usr/local/texlive/2025/texmf-dist/tex/generic/pgf/basiclayer/pgfcoretransformations.code.tex
File: pgfcoretransformations.code.tex 2023-01-15 v3.1.10 (3.1.10)
\pgf@pt@x=\dimen345
\pgf@pt@y=\dimen346
\pgf@pt@temp=\dimen347
) (/usr/local/texlive/2025/texmf-dist/tex/generic/pgf/basiclayer/pgfcorequick.code.tex
File: pgfcorequick.code.tex 2023-01-15 v3.1.10 (3.1.10)
) (/usr/local/texlive/2025/texmf-dist/tex/generic/pgf/basiclayer/pgfcoreobjects.code.tex
File: pgfcoreobjects.code.tex 2023-01-15 v3.1.10 (3.1.10)
) (/usr/local/texlive/2025/texmf-dist/tex/generic/pgf/basiclayer/pgfcorepathprocessing.code.tex
File: pgfcorepathprocessing.code.tex 2023-01-15 v3.1.10 (3.1.10)
) (/usr/local/texlive/2025/texmf-dist/tex/generic/pgf/basiclayer/pgfcorearrows.code.tex
File: pgfcorearrows.code.tex 2023-01-15 v3.1.10 (3.1.10)
\pgfarrowsep=\dimen348
) (/usr/local/texlive/2025/texmf-dist/tex/generic/pgf/basiclayer/pgfcoreshade.code.tex
File: pgfcoreshade.code.tex 2023-01-15 v3.1.10 (3.1.10)
\pgf@max=\dimen349
\pgf@sys@shading@range@num=\count415
\pgf@shadingcount=\count416
) (/usr/local/texlive/2025/texmf-dist/tex/generic/pgf/basiclayer/pgfcoreimage.code.tex
File: pgfcoreimage.code.tex 2023-01-15 v3.1.10 (3.1.10)
) (/usr/local/texlive/2025/texmf-dist/tex/generic/pgf/basiclayer/pgfcoreexternal.code.tex
File: pgfcoreexternal.code.tex 2023-01-15 v3.1.10 (3.1.10)
\pgfexternal@startupbox=\box81
) (/usr/local/texlive/2025/texmf-dist/tex/generic/pgf/basiclayer/pgfcorelayers.code.tex
File: pgfcorelayers.code.tex 2023-01-15 v3.1.10 (3.1.10)
) (/usr/local/texlive/2025/texmf-dist/tex/generic/pgf/basiclayer/pgfcoretransparency.code.tex
File: pgfcoretransparency.code.tex 2023-01-15 v3.1.10 (3.1.10)
) (/usr/local/texlive/2025/texmf-dist/tex/generic/pgf/basiclayer/pgfcorepatterns.code.tex
File: pgfcorepatterns.code.tex 2023-01-15 v3.1.10 (3.1.10)
) (/usr/local/texlive/2025/texmf-dist/tex/generic/pgf/basiclayer/pgfcorerdf.code.tex
File: pgfcorerdf.code.tex 2023-01-15 v3.1.10 (3.1.10)
))) (/usr/local/texlive/2025/texmf-dist/tex/generic/pgf/modules/pgfmoduleshapes.code.tex
File: pgfmoduleshapes.code.tex 2023-01-15 v3.1.10 (3.1.10)
\pgfnodeparttextbox=\box82
) (/usr/local/texlive/2025/texmf-dist/tex/generic/pgf/modules/pgfmoduleplot.code.tex
File: pgfmoduleplot.code.tex 2023-01-15 v3.1.10 (3.1.10)
) (/usr/local/texlive/2025/texmf-dist/tex/latex/pgf/compatibility/pgfcomp-version-0-65.sty
Package: pgfcomp-version-0-65 2023-01-15 v3.1.10 (3.1.10)
\pgf@nodesepstart=\dimen350
\pgf@nodesepend=\dimen351
) (/usr/local/texlive/2025/texmf-dist/tex/latex/pgf/compatibility/pgfcomp-version-1-18.sty
Package: pgfcomp-version-1-18 2023-01-15 v3.1.10 (3.1.10)
)) (/usr/local/texlive/2025/texmf-dist/tex/latex/pgf/utilities/pgffor.sty (/usr/local/texlive/2025/texmf-dist/tex/latex/pgf/utilities/pgfkeys.sty (/usr/local/texlive/2025/texmf-dist/tex/generic/pgf/utilities/pgfkeys.code.tex)) (/usr/local/texlive/2025/texmf-dist/tex/latex/pgf/math/pgfmath.sty (/usr/local/texlive/2025/texmf-dist/tex/generic/pgf/math/pgfmath.code.tex)) (/usr/local/texlive/2025/texmf-dist/tex/generic/pgf/utilities/pgffor.code.tex
Package: pgffor 2023-01-15 v3.1.10 (3.1.10)
\pgffor@iter=\dimen352
\pgffor@skip=\dimen353
\pgffor@stack=\toks76
\pgffor@toks=\toks77
)) (/usr/local/texlive/2025/texmf-dist/tex/generic/pgf/frontendlayer/tikz/tikz.code.tex
Package: tikz 2023-01-15 v3.1.10 (3.1.10)
 (/usr/local/texlive/2025/texmf-dist/tex/generic/pgf/libraries/pgflibraryplothandlers.code.tex
File: pgflibraryplothandlers.code.tex 2023-01-15 v3.1.10 (3.1.10)
\pgf@plot@mark@count=\count417
\pgfplotmarksize=\dimen354
)
\tikz@lastx=\dimen355
\tikz@lasty=\dimen356
\tikz@lastxsaved=\dimen357
\tikz@lastysaved=\dimen358
\tikz@lastmovetox=\dimen359
\tikz@lastmovetoy=\dimen360
\tikzleveldistance=\dimen361
\tikzsiblingdistance=\dimen362
\tikz@figbox=\box83
\tikz@figbox@bg=\box84
\tikz@tempbox=\box85
\tikz@tempbox@bg=\box86
\tikztreelevel=\count418
\tikznumberofchildren=\count419
\tikznumberofcurrentchild=\count420
\tikz@fig@count=\count421
 (/usr/local/texlive/2025/texmf-dist/tex/generic/pgf/modules/pgfmodulematrix.code.tex
File: pgfmodulematrix.code.tex 2023-01-15 v3.1.10 (3.1.10)
\pgfmatrixcurrentrow=\count422
\pgfmatrixcurrentcolumn=\count423
\pgf@matrix@numberofcolumns=\count424
)
\tikz@expandcount=\count425
 (/usr/local/texlive/2025/texmf-dist/tex/generic/pgf/frontendlayer/tikz/libraries/tikzlibrarytopaths.code.tex
File: tikzlibrarytopaths.code.tex 2023-01-15 v3.1.10 (3.1.10)
))) (/usr/local/texlive/2025/texmf-dist/tex/generic/pgf/frontendlayer/tikz/libraries/tikzlibrarytrees.code.tex
File: tikzlibrarytrees.code.tex 2023-01-15 v3.1.10 (3.1.10)
) (/usr/local/texlive/2025/texmf-dist/tex/latex/forest/forest.sty
Package: forest 2017/07/14 v2.1.5 Drawing (linguistic) trees
 (/usr/local/texlive/2025/texmf-dist/tex/generic/pgf/frontendlayer/tikz/libraries/tikzlibraryshapes.code.tex
File: tikzlibraryshapes.code.tex 2023-01-15 v3.1.10 (3.1.10)
 (/usr/local/texlive/2025/texmf-dist/tex/generic/pgf/frontendlayer/tikz/libraries/tikzlibraryshapes.geometric.code.tex
File: tikzlibraryshapes.geometric.code.tex 2023-01-15 v3.1.10 (3.1.10)
 (/usr/local/texlive/2025/texmf-dist/tex/generic/pgf/libraries/shapes/pgflibraryshapes.geometric.code.tex
File: pgflibraryshapes.geometric.code.tex 2023-01-15 v3.1.10 (3.1.10)
)) (/usr/local/texlive/2025/texmf-dist/tex/generic/pgf/frontendlayer/tikz/libraries/tikzlibraryshapes.misc.code.tex
File: tikzlibraryshapes.misc.code.tex 2023-01-15 v3.1.10 (3.1.10)
 (/usr/local/texlive/2025/texmf-dist/tex/generic/pgf/libraries/shapes/pgflibraryshapes.misc.code.tex
File: pgflibraryshapes.misc.code.tex 2023-01-15 v3.1.10 (3.1.10)
)) (/usr/local/texlive/2025/texmf-dist/tex/generic/pgf/frontendlayer/tikz/libraries/tikzlibraryshapes.symbols.code.tex
File: tikzlibraryshapes.symbols.code.tex 2023-01-15 v3.1.10 (3.1.10)
 (/usr/local/texlive/2025/texmf-dist/tex/generic/pgf/libraries/shapes/pgflibraryshapes.symbols.code.tex
File: pgflibraryshapes.symbols.code.tex 2023-01-15 v3.1.10 (3.1.10)
)) (/usr/local/texlive/2025/texmf-dist/tex/generic/pgf/frontendlayer/tikz/libraries/tikzlibraryshapes.arrows.code.tex
File: tikzlibraryshapes.arrows.code.tex 2023-01-15 v3.1.10 (3.1.10)
 (/usr/local/texlive/2025/texmf-dist/tex/generic/pgf/libraries/shapes/pgflibraryshapes.arrows.code.tex
File: pgflibraryshapes.arrows.code.tex 2023-01-15 v3.1.10 (3.1.10)
)) (/usr/local/texlive/2025/texmf-dist/tex/generic/pgf/frontendlayer/tikz/libraries/tikzlibraryshapes.callouts.code.tex (/usr/local/texlive/2025/texmf-dist/tex/generic/pgf/libraries/shapes/pgflibraryshapes.callouts.code.tex)) (/usr/local/texlive/2025/texmf-dist/tex/generic/pgf/frontendlayer/tikz/libraries/tikzlibraryshapes.multipart.code.tex
File: tikzlibraryshapes.multipart.code.tex 2023-01-15 v3.1.10 (3.1.10)
 (/usr/local/texlive/2025/texmf-dist/tex/generic/pgf/libraries/shapes/pgflibraryshapes.multipart.code.tex
File: pgflibraryshapes.multipart.code.tex 2023-01-15 v3.1.10 (3.1.10)
\pgfnodepartlowerbox=\box87
\pgfnodeparttwobox=\box88
\pgfnodepartthreebox=\box89
\pgfnodepartfourbox=\box90
\pgfnodeparttwentybox=\box91
\pgfnodepartnineteenbox=\box92
\pgfnodeparteighteenbox=\box93
\pgfnodepartseventeenbox=\box94
\pgfnodepartsixteenbox=\box95
\pgfnodepartfifteenbox=\box96
\pgfnodepartfourteenbox=\box97
\pgfnodepartthirteenbox=\box98
\pgfnodeparttwelvebox=\box99
\pgfnodepartelevenbox=\box100
\pgfnodeparttenbox=\box101
\pgfnodepartninebox=\box102
\pgfnodeparteightbox=\box103
\pgfnodepartsevenbox=\box104
\pgfnodepartsixbox=\box105
\pgfnodepartfivebox=\box106
))) (/usr/local/texlive/2025/texmf-dist/tex/generic/pgf/frontendlayer/tikz/libraries/tikzlibraryfit.code.tex
File: tikzlibraryfit.code.tex 2023-01-15 v3.1.10 (3.1.10)
) (/usr/local/texlive/2025/texmf-dist/tex/generic/pgf/frontendlayer/tikz/libraries/tikzlibrarycalc.code.tex
File: tikzlibrarycalc.code.tex 2023-01-15 v3.1.10 (3.1.10)
) (/usr/local/texlive/2025/texmf-dist/tex/generic/pgf/libraries/pgflibraryintersections.code.tex (/usr/local/texlive/2025/texmf-dist/tex/generic/pgf/libraries/pgflibraryfpu.code.tex)
\pgf@intersect@solutions=\count426
) (/usr/local/texlive/2025/texmf-dist/tex/latex/pgfopts/pgfopts.sty
Package: pgfopts 2014/07/10 v2.1a LaTeX package options with pgfkeys
\pgfopts@list@add@a@toks=\toks78
\pgfopts@list@add@b@toks=\toks79
) (/usr/local/texlive/2025/texmf-dist/tex/latex/elocalloc/elocalloc.sty
Package: elocalloc 2016/12/15 v0.03 local allocation for LaTeX 2015+ (DPC)
) (/usr/local/texlive/2025/texmf-dist/tex/latex/environ/environ.sty
Package: environ 2014/05/04 v0.3 A new way to define environments
 (/usr/local/texlive/2025/texmf-dist/tex/latex/trimspaces/trimspaces.sty
Package: trimspaces 2009/09/17 v1.1 Trim spaces around a token list
)) (/usr/local/texlive/2025/texmf-dist/tex/latex/inlinedef/inlinedef.sty
Package: inlinedef 2008/07/10 v1.0 Inlined expansions within definitions
\ID@toks=\toks80
\ID@count=\count427
)
\ID@usercommands=\toks81
\safeloop@depth=\count428
\safeRKloop@depth=\count429
\forest@temp@dimen=\dimen363
\forest@temp@count=\count430
\forest@n=\count431
\forest@temp@global@count=\count432
\forest@temp@toks=\toks82
\forest@temparray@M=\count433
\forest@temparray@N=\count434
\forest@global@temparray@M=\count435
\forest@global@temparray@N=\count436
\forest@isnum@count=\count437
\forest@isdim@nonintpart=\count438
\forest@isdim@dimen=\dimen364
\forest@sort@m=\count439
\forest@sort@k=\count440
\forest@sort@p=\count441
\bracket@content=\toks83
\bracket@afterthought=\toks84
\forest@node@maxid=\count442
\forest@process@left@M=\count443
\forest@process@left@N=\count444
\forest@process@right@M=\count445
\forest@process@right@N=\count446
\forest@process@saved@M=\count447
\forest@process@saved@N=\count448
\forest@process@result@M=\count449
\forest@process@result@N=\count450
\forest@process@n=\count451
\forest@nodewalk@branch@toks=\toks85
\forest@nodewalk@shortsteps@resolution=\toks86
\forest@do@dynamics=\toks87
\forest@box=\box107
\forest@xg=\dimen365
\forest@yg=\dimen366
\forest@xs=\dimen367
\forest@ys=\dimen368
\forest@pi@toks=\toks88
\forest@segment@toks=\toks89
\forest@PIi@toks=\toks90
\forest@PIii@toks=\toks91
\forest@copy@in=\read5
\forest@copy@out=\write4
\forest@externalize@max@outer@n=\count452
\forest@externalize@inner@n=\count453
) (/usr/local/texlive/2025/texmf-dist/tex/latex/amsfonts/eucal.sty
Package: eucal 2009/06/22 v3.00 Euler Script fonts
LaTeX Font Info:    Overwriting math alphabet `\EuScript' in version `bold'
(Font)                  U/eus/m/n --> U/eus/b/n on input line 33.
) (/usr/local/texlive/2025/texmf-dist/tex/latex/tcolorbox/tcolorbox.sty
Package: tcolorbox 2025/07/08 version 6.7.1 text color boxes
 (/usr/local/texlive/2025/texmf-dist/tex/latex/tools/verbatim.sty
Package: verbatim 2024-01-22 v1.5x LaTeX2e package for verbatim enhancements
\every@verbatim=\toks92
\verbatim@line=\toks93
\verbatim@in@stream=\read6
)
\tcb@titlebox=\box108
\tcb@upperbox=\box109
\tcb@lowerbox=\box110
\tcb@phantombox=\box111
\c@tcbbreakpart=\count454
\c@tcblayer=\count455
\c@tcolorbox@number=\count456
\l__tcobox_tmpa_box=\box112
\l__tcobox_tmpa_dim=\dimen369
\tcb@temp=\box113
\tcb@temp=\box114
\tcb@temp=\box115
\tcb@temp=\box116
) (/usr/local/texlive/2025/texmf-dist/tex/latex/tcolorbox/tcbskins.code.tex
Library (tcolorbox): 'tcbskins.code.tex' version '6.7.1'
(/usr/local/texlive/2025/texmf-dist/tex/latex/tikzfill/tikzfill.image.sty
Package: tikzfill.image 2023/08/08 v1.0.1 Image filling library for TikZ
 (/usr/local/texlive/2025/texmf-dist/tex/latex/tikzfill/tikzfill-common.sty
Package: tikzfill-common 2023/08/08 v1.0.1 Auxiliary code for tikzfill
) (/usr/local/texlive/2025/texmf-dist/tex/latex/tikzfill/tikzlibraryfill.image.code.tex
File: tikzlibraryfill.image.code.tex 2023/08/08 v1.0.1 Image filling library
\l__tikzfill_img_box=\box117
)) (/usr/local/texlive/2025/texmf-dist/tex/latex/tcolorbox/tcbskinsjigsaw.code.tex
Library (tcolorbox): 'tcbskinsjigsaw.code.tex' version '6.7.1'
))
\c@thm=\count457
\c@lem=\count458
\c@prop=\count459
\c@corollary=\count460
\c@definition=\count461
LaTeX Info: Redefining \oldstylenums on input line 196.
LaTeX Font Info:    Trying to load font information for T1+XCharter-TLF on input line 196.
 (/usr/local/texlive/2025/texmf-dist/tex/latex/xcharter/T1XCharter-TLF.fd
File: T1XCharter-TLF.fd 2017/06/25 (autoinst) Font definitions for T1/XCharter-TLF.
)
LaTeX Font Info:    Font shape `T1/XCharter-TLF/m/n' will be
(Font)              scaled to size 10.95pt on input line 196.
 (./main.aux)
\openout1 = `main.aux'.

LaTeX Font Info:    Checking defaults for OML/zchmi/m/it on input line 196.
LaTeX Font Info:    Trying to load font information for OML+zchmi on input line 196.
 (/usr/local/texlive/2025/texmf-dist/tex/latex/xcharter/omlzchmi.fd
File: omlzchmi.fd 2019/11/21 Fontinst v1.933 font definitions for OML/zchmi.
)
LaTeX Font Info:    ... okay on input line 196.
LaTeX Font Info:    Checking defaults for OMS/cmsy/m/n on input line 196.
LaTeX Font Info:    ... okay on input line 196.
LaTeX Font Info:    Checking defaults for OT1/cmr/m/n on input line 196.
LaTeX Font Info:    ... okay on input line 196.
LaTeX Font Info:    Checking defaults for T1/cmr/m/n on input line 196.
LaTeX Font Info:    ... okay on input line 196.
LaTeX Font Info:    Checking defaults for TS1/cmr/m/n on input line 196.
LaTeX Font Info:    ... okay on input line 196.
LaTeX Font Info:    Checking defaults for OMX/cmex/m/n on input line 196.
LaTeX Font Info:    ... okay on input line 196.
LaTeX Font Info:    Checking defaults for U/ntxexa/m/n on input line 196.
LaTeX Font Info:    Trying to load font information for U+ntxexa on input line 196.
 (/usr/local/texlive/2025/texmf-dist/tex/latex/newtx/untxexa.fd
File: untxexa.fd 2012/04/16 Fontinst v1.933 font definitions for U/ntxexa.
)
LaTeX Font Info:    ... okay on input line 196.
LaTeX Font Info:    Checking defaults for PD1/pdf/m/n on input line 196.
LaTeX Font Info:    ... okay on input line 196.
LaTeX Font Info:    Checking defaults for PU/pdf/m/n on input line 196.
LaTeX Font Info:    ... okay on input line 196.
LaTeX Font Info:    Checking defaults for LMS/ntxsy/m/n on input line 196.
LaTeX Font Info:    Trying to load font information for LMS+ntxsy on input line 196.
 (/usr/local/texlive/2025/texmf-dist/tex/latex/newtx/lmsntxsy.fd
File: lmsntxsy.fd 2016/07/02 Fontinst v1.933 font definitions for LMS/ntxsy.
)
LaTeX Font Info:    ... okay on input line 196.
LaTeX Font Info:    Checking defaults for LMX/ntxexx/m/n on input line 196.
LaTeX Font Info:    Trying to load font information for LMX+ntxexx on input line 196.
 (/usr/local/texlive/2025/texmf-dist/tex/latex/newtx/lmxntxexx.fd
File: lmxntxexx.fd 2016/07/03 Fontinst v1.933 font definitions for LMX/ntxexx.
)
LaTeX Font Info:    ... okay on input line 196.
LaTeX Info: Command `\dddot' is already robust on input line 196.
LaTeX Info: Command `\ddddot' is already robust on input line 196.
Package hyperref Info: Link coloring ON on input line 196.
 (./main.out) (./main.out)
\@outlinefile=\write5
\openout5 = `main.out'.

 (/usr/local/texlive/2025/texmf-dist/tex/context/base/mkii/supp-pdf.mkii
[Loading MPS to PDF converter (version 2006.09.02).]
\scratchcounter=\count462
\scratchdimen=\dimen370
\scratchbox=\box118
\nofMPsegments=\count463
\nofMParguments=\count464
\everyMPshowfont=\toks94
\MPscratchCnt=\count465
\MPscratchDim=\dimen371
\MPnumerator=\count466
\makeMPintoPDFobject=\count467
\everyMPtoPDFconversion=\toks95
) (/usr/local/texlive/2025/texmf-dist/tex/latex/epstopdf-pkg/epstopdf-base.sty
Package: epstopdf-base 2020-01-24 v2.11 Base part for package epstopdf
Package epstopdf-base Info: Redefining graphics rule for `.eps' on input line 485.
 (/usr/local/texlive/2025/texmf-dist/tex/latex/latexconfig/epstopdf-sys.cfg
File: epstopdf-sys.cfg 2010/07/13 v1.3 Configuration of (r)epstopdf for TeX Live
))
Package caption Info: Begin \AtBeginDocument code.
Package caption Info: float package is loaded.
Package caption Info: listings package is loaded.
Package caption Info: rotating package is loaded.
Package caption Info: wrapfig package is loaded.
Package caption Info: End \AtBeginDocument code.
\c@mv@tabular=\count468
\c@mv@boldtabular=\count469

*geometry* driver: auto-detecting
*geometry* detected driver: pdftex
*geometry* verbose mode - [ preamble ] result:
* driver: pdftex
* paper: a4paper
* layout: <same size as paper>
* layoutoffset:(h,v)=(0.0pt,0.0pt)
* modes: 
* h-part:(L,W,R)=(62.59596pt, 472.31595pt, 62.59596pt)
* v-part:(T,H,B)=(85.35826pt, 674.33032pt, 85.35826pt)
* \paperwidth=597.50787pt
* \paperheight=845.04684pt
* \textwidth=472.31595pt
* \textheight=674.33032pt
* \oddsidemargin=-9.67403pt
* \evensidemargin=-9.67403pt
* \topmargin=-46.91173pt
* \headheight=40.0pt
* \headsep=20.0pt
* \topskip=11.0pt
* \footskip=30.0pt
* \marginparwidth=50.0pt
* \marginparsep=10.0pt
* \columnsep=15.0pt
* \skip\footins=10.0pt plus 4.0pt minus 2.0pt
* \hoffset=0.0pt
* \voffset=0.0pt
* \mag=1000
* \@twocolumnfalse
* \@twosidefalse
* \@mparswitchfalse
* \@reversemarginfalse
* (1in=72.27pt=25.4mm, 1cm=28.453pt)

Package newfloat Info: Trying Plan B...
Package newfloat Info: `float' package detected.
Package newfloat Info: `rotating' package detected.
Package newfloat Info: `wrapfig' package detected.
Package microtype Info: Patching varwidth to enable character protrusion.
\MT@vwid@leftmargin=\dimen372
\MT@vwid@rightmargin=\dimen373
LaTeX Info: Redefining \microtypecontext on input line 196.
Package microtype Info: Applying patch `item' on input line 196.
Package microtype Info: Applying patch `toc' on input line 196.
Package microtype Info: Applying patch `eqnum' on input line 196.
Package microtype Info: Applying patch `footnote' on input line 196.
Package microtype Info: Applying patch `verbatim' on input line 196.
LaTeX Info: Redefining \microtypesetup on input line 196.
Package microtype Info: Generating PDF output.
Package microtype Info: Character protrusion enabled (level 2).
Package microtype Info: Using default protrusion set `alltext'.
Package microtype Info: Automatic font expansion enabled (level 2),
(microtype)             stretch: 20, shrink: 20, step: 1, non-selected.
Package microtype Info: Using default expansion set `alltext-nott'.
Package microtype Info: Patching command `\showhyphens'.
Package microtype Info: Tracking enabled.
Package microtype Info: Using tracking set `smallcaps'.
Package microtype Info: No adjustment of interword spacing.
Package microtype Info: No adjustment of character kerning.
(/usr/local/texlive/2025/texmf-dist/tex/latex/microtype/mt-bch.cfg
File: mt-bch.cfg 2007/03/03 v1.5 microtype config. file: Bitstream Charter (RS)
)
\c@lstlisting=\count470
LaTeX Font Info:    Font shape `T1/XCharter-TLF/b/n' will be
(Font)              scaled to size 10.95pt on input line 198.
LaTeX Font Info:    Font shape `T1/XCharter-TLF/b/n' will be
(Font)              scaled to size 21.0pt on input line 198.
LaTeX Font Info:    Font shape `T1/XCharter-TLF/b/n' will be
(Font)              scaled to size 9.0pt on input line 198.
LaTeX Font Info:    Trying to load font information for OT1+XCharter-TLF on input line 198.
 (/usr/local/texlive/2025/texmf-dist/tex/latex/xcharter/OT1XCharter-TLF.fd
File: OT1XCharter-TLF.fd 2017/06/25 (autoinst) Font definitions for OT1/XCharter-TLF.
)
LaTeX Font Info:    Font shape `OT1/XCharter-TLF/m/n' will be
(Font)              scaled to size 9.0pt on input line 198.
<<ot1.cmap>>
LaTeX Font Info:    Font shape `OT1/XCharter-TLF/m/n' will be
(Font)              scaled to size 6.6pt on input line 198.
LaTeX Font Info:    Font shape `OT1/XCharter-TLF/m/n' will be
(Font)              scaled to size 5.5pt on input line 198.
LaTeX Font Info:    Font shape `OML/zchmi/m/it' will be
(Font)              scaled to size 9.0pt on input line 198.
<<oml.cmap>>
LaTeX Font Info:    Font shape `OML/zchmi/m/it' will be
(Font)              scaled to size 6.6pt on input line 198.
LaTeX Font Info:    Font shape `OML/zchmi/m/it' will be
(Font)              scaled to size 5.5pt on input line 198.
LaTeX Font Info:    Font shape `LMS/ntxsy/m/n' will be
(Font)              scaled to size 9.0pt on input line 198.
LaTeX Font Info:    Font shape `LMS/ntxsy/m/n' will be
(Font)              scaled to size 6.6pt on input line 198.
LaTeX Font Info:    Font shape `LMS/ntxsy/m/n' will be
(Font)              scaled to size 5.5pt on input line 198.
LaTeX Font Info:    Font shape `LMX/ntxexx/m/n' will be
(Font)              scaled to size 9.0pt on input line 198.
LaTeX Font Info:    Font shape `LMX/ntxexx/m/n' will be
(Font)              scaled to size 6.6pt on input line 198.
LaTeX Font Info:    Font shape `LMX/ntxexx/m/n' will be
(Font)              scaled to size 5.5pt on input line 198.
LaTeX Font Info:    Trying to load font information for U+msa on input line 198.
 (/usr/local/texlive/2025/texmf-dist/tex/latex/amsfonts/umsa.fd
File: umsa.fd 2013/01/14 v3.01 AMS symbols A
) (/usr/local/texlive/2025/texmf-dist/tex/latex/microtype/mt-msa.cfg
File: mt-msa.cfg 2006/02/04 v1.1 microtype config. file: AMS symbols (a) (RS)
)
LaTeX Font Info:    Trying to load font information for U+msb on input line 198.
 (/usr/local/texlive/2025/texmf-dist/tex/latex/amsfonts/umsb.fd
File: umsb.fd 2013/01/14 v3.01 AMS symbols B
) (/usr/local/texlive/2025/texmf-dist/tex/latex/microtype/mt-msb.cfg
File: mt-msb.cfg 2005/06/01 v1.0 microtype config. file: AMS symbols (b) (RS)
)
LaTeX Font Info:    Trying to load font information for U+ntxmia on input line 198.
 (/usr/local/texlive/2025/texmf-dist/tex/latex/newtx/untxmia.fd
File: untxmia.fd 2024/04/09 Fontinst v1.933 font definitions for U/ntxmia.
)
LaTeX Font Info:    Font shape `U/ntxmia/m/it' will be
(Font)              scaled to size 9.0pt on input line 198.
LaTeX Font Info:    Font shape `U/ntxmia/m/it' will be
(Font)              scaled to size 6.6pt on input line 198.
LaTeX Font Info:    Font shape `U/ntxmia/m/it' will be
(Font)              scaled to size 5.5pt on input line 198.
LaTeX Font Info:    Trying to load font information for U+ntxsym on input line 198.
 (/usr/local/texlive/2025/texmf-dist/tex/latex/newtx/untxsym.fd
File: untxsym.fd 2023/08/16 Fontinst v1.933 font definitions for U/ntxsym.
)
LaTeX Font Info:    Font shape `U/ntxsym/m/n' will be
(Font)              scaled to size 9.0pt on input line 198.
LaTeX Font Info:    Font shape `U/ntxsym/m/n' will be
(Font)              scaled to size 6.6pt on input line 198.
LaTeX Font Info:    Font shape `U/ntxsym/m/n' will be
(Font)              scaled to size 5.5pt on input line 198.
LaTeX Font Info:    Trying to load font information for U+ntxsyc on input line 198.
 (/usr/local/texlive/2025/texmf-dist/tex/latex/newtx/untxsyc.fd
File: untxsyc.fd 2012/04/12 Fontinst v1.933 font definitions for U/ntxsyc.
)
LaTeX Font Info:    Font shape `U/ntxsyc/m/n' will be
(Font)              scaled to size 9.0pt on input line 198.
LaTeX Font Info:    Font shape `U/ntxsyc/m/n' will be
(Font)              scaled to size 6.6pt on input line 198.
LaTeX Font Info:    Font shape `U/ntxsyc/m/n' will be
(Font)              scaled to size 5.5pt on input line 198.
LaTeX Font Info:    Font shape `U/ntxexa/m/n' will be
(Font)              scaled to size 9.0pt on input line 198.
LaTeX Font Info:    Font shape `U/ntxexa/m/n' will be
(Font)              scaled to size 6.6pt on input line 198.
LaTeX Font Info:    Font shape `U/ntxexa/m/n' will be
(Font)              scaled to size 5.5pt on input line 198.
LaTeX Font Info:    Font shape `OT1/XCharter-TLF/b/n' will be
(Font)              scaled to size 9.0pt on input line 198.
LaTeX Font Info:    Font shape `OT1/XCharter-TLF/b/n' will be
(Font)              scaled to size 6.6pt on input line 198.
LaTeX Font Info:    Font shape `OT1/XCharter-TLF/b/n' will be
(Font)              scaled to size 5.5pt on input line 198.
LaTeX Font Info:    Font shape `OML/zchmi/b/it' will be
(Font)              scaled to size 9.0pt on input line 198.
LaTeX Font Info:    Font shape `OML/zchmi/b/it' will be
(Font)              scaled to size 6.6pt on input line 198.
LaTeX Font Info:    Font shape `OML/zchmi/b/it' will be
(Font)              scaled to size 5.5pt on input line 198.
LaTeX Font Info:    Font shape `LMS/ntxsy/b/n' will be
(Font)              scaled to size 9.0pt on input line 198.
LaTeX Font Info:    Font shape `LMS/ntxsy/b/n' will be
(Font)              scaled to size 6.6pt on input line 198.
LaTeX Font Info:    Font shape `LMS/ntxsy/b/n' will be
(Font)              scaled to size 5.5pt on input line 198.
LaTeX Font Info:    Font shape `LMX/ntxexx/b/n' will be
(Font)              scaled to size 9.0pt on input line 198.
LaTeX Font Info:    Font shape `LMX/ntxexx/b/n' will be
(Font)              scaled to size 6.6pt on input line 198.
LaTeX Font Info:    Font shape `LMX/ntxexx/b/n' will be
(Font)              scaled to size 5.5pt on input line 198.
LaTeX Font Info:    Font shape `T1/XCharter-TLF/m/n' will be
(Font)              scaled to size 6.6pt on input line 198.
LaTeX Font Info:    Font shape `T1/XCharter-TLF/m/n' will be
(Font)              scaled to size 9.0pt on input line 198.
LaTeX Font Info:    Font shape `T1/XCharter-TLF/b/n' will be
(Font)              scaled to size 6.6pt on input line 198.
LaTeX Font Info:    Calculating math sizes for size <6.6> on input line 198.
LaTeX Font Info:    Font shape `OT1/XCharter-TLF/m/n' will be
(Font)              scaled to size 4.81796pt on input line 198.
LaTeX Font Info:    Font shape `OT1/XCharter-TLF/m/n' will be
(Font)              scaled to size 3.63002pt on input line 198.
LaTeX Font Info:    Font shape `OML/zchmi/m/it' will be
(Font)              scaled to size 4.81796pt on input line 198.
LaTeX Font Info:    Font shape `OML/zchmi/m/it' will be
(Font)              scaled to size 3.63002pt on input line 198.
LaTeX Font Info:    Font shape `LMS/ntxsy/m/n' will be
(Font)              scaled to size 4.81796pt on input line 198.
LaTeX Font Info:    Font shape `LMS/ntxsy/m/n' will be
(Font)              scaled to size 3.63002pt on input line 198.
LaTeX Font Info:    Font shape `LMX/ntxexx/m/n' will be
(Font)              scaled to size 4.81796pt on input line 198.
LaTeX Font Info:    Font shape `LMX/ntxexx/m/n' will be
(Font)              scaled to size 3.63002pt on input line 198.
LaTeX Font Info:    Font shape `U/ntxmia/m/it' will be
(Font)              scaled to size 4.81796pt on input line 198.
LaTeX Font Info:    Font shape `U/ntxmia/m/it' will be
(Font)              scaled to size 3.63002pt on input line 198.
LaTeX Font Info:    Font shape `U/ntxsym/m/n' will be
(Font)              scaled to size 4.81796pt on input line 198.
LaTeX Font Info:    Font shape `U/ntxsym/m/n' will be
(Font)              scaled to size 3.63002pt on input line 198.
LaTeX Font Info:    Font shape `U/ntxsyc/m/n' will be
(Font)              scaled to size 4.81796pt on input line 198.
LaTeX Font Info:    Font shape `U/ntxsyc/m/n' will be
(Font)              scaled to size 3.63002pt on input line 198.
LaTeX Font Info:    Font shape `U/ntxexa/m/n' will be
(Font)              scaled to size 4.81796pt on input line 198.
LaTeX Font Info:    Font shape `U/ntxexa/m/n' will be
(Font)              scaled to size 3.63002pt on input line 198.
LaTeX Font Info:    Font shape `OT1/XCharter-TLF/b/n' will be
(Font)              scaled to size 4.81796pt on input line 198.
LaTeX Font Info:    Font shape `OT1/XCharter-TLF/b/n' will be
(Font)              scaled to size 3.63002pt on input line 198.
LaTeX Font Info:    Font shape `OML/zchmi/b/it' will be
(Font)              scaled to size 4.81796pt on input line 198.
LaTeX Font Info:    Font shape `OML/zchmi/b/it' will be
(Font)              scaled to size 3.63002pt on input line 198.
LaTeX Font Info:    Font shape `LMS/ntxsy/b/n' will be
(Font)              scaled to size 4.81796pt on input line 198.
LaTeX Font Info:    Font shape `LMS/ntxsy/b/n' will be
(Font)              scaled to size 3.63002pt on input line 198.
LaTeX Font Info:    Font shape `LMX/ntxexx/b/n' will be
(Font)              scaled to size 4.81796pt on input line 198.
LaTeX Font Info:    Font shape `LMX/ntxexx/b/n' will be
(Font)              scaled to size 3.63002pt on input line 198.
LaTeX Font Info:    Font shape `T1/XCharter-TLF/m/n' will be
(Font)              scaled to size 8.0pt on input line 198.
LaTeX Font Info:    Font shape `OT1/XCharter-TLF/m/n' will be
(Font)              scaled to size 8.0pt on input line 198.
LaTeX Font Info:    Font shape `OT1/XCharter-TLF/m/n' will be
(Font)              scaled to size 6.0pt on input line 198.
LaTeX Font Info:    Font shape `OML/zchmi/m/it' will be
(Font)              scaled to size 8.0pt on input line 198.
LaTeX Font Info:    Font shape `OML/zchmi/m/it' will be
(Font)              scaled to size 6.0pt on input line 198.
LaTeX Font Info:    Font shape `LMS/ntxsy/m/n' will be
(Font)              scaled to size 8.0pt on input line 198.
LaTeX Font Info:    Font shape `LMS/ntxsy/m/n' will be
(Font)              scaled to size 6.0pt on input line 198.
LaTeX Font Info:    Font shape `LMX/ntxexx/m/n' will be
(Font)              scaled to size 8.0pt on input line 198.
LaTeX Font Info:    Font shape `LMX/ntxexx/m/n' will be
(Font)              scaled to size 6.0pt on input line 198.
LaTeX Font Info:    Font shape `U/ntxmia/m/it' will be
(Font)              scaled to size 8.0pt on input line 198.
LaTeX Font Info:    Font shape `U/ntxmia/m/it' will be
(Font)              scaled to size 6.0pt on input line 198.
LaTeX Font Info:    Font shape `U/ntxsym/m/n' will be
(Font)              scaled to size 8.0pt on input line 198.
LaTeX Font Info:    Font shape `U/ntxsym/m/n' will be
(Font)              scaled to size 6.0pt on input line 198.
LaTeX Font Info:    Font shape `U/ntxsyc/m/n' will be
(Font)              scaled to size 8.0pt on input line 198.
LaTeX Font Info:    Font shape `U/ntxsyc/m/n' will be
(Font)              scaled to size 6.0pt on input line 198.
LaTeX Font Info:    Font shape `U/ntxexa/m/n' will be
(Font)              scaled to size 8.0pt on input line 198.
LaTeX Font Info:    Font shape `U/ntxexa/m/n' will be
(Font)              scaled to size 6.0pt on input line 198.
LaTeX Font Info:    Font shape `OT1/XCharter-TLF/b/n' will be
(Font)              scaled to size 8.0pt on input line 198.
LaTeX Font Info:    Font shape `OT1/XCharter-TLF/b/n' will be
(Font)              scaled to size 6.0pt on input line 198.
LaTeX Font Info:    Font shape `OML/zchmi/b/it' will be
(Font)              scaled to size 8.0pt on input line 198.
LaTeX Font Info:    Font shape `OML/zchmi/b/it' will be
(Font)              scaled to size 6.0pt on input line 198.
LaTeX Font Info:    Font shape `LMS/ntxsy/b/n' will be
(Font)              scaled to size 8.0pt on input line 198.
LaTeX Font Info:    Font shape `LMS/ntxsy/b/n' will be
(Font)              scaled to size 6.0pt on input line 198.
LaTeX Font Info:    Font shape `LMX/ntxexx/b/n' will be
(Font)              scaled to size 8.0pt on input line 198.
LaTeX Font Info:    Font shape `LMX/ntxexx/b/n' will be
(Font)              scaled to size 6.0pt on input line 198.
LaTeX Font Info:    Font shape `T1/XCharter-TLF/m/n' will be
(Font)              scaled to size 6.0pt on input line 198.
LaTeX Font Info:    Font shape `OT1/XCharter-TLF/m/n' will be
(Font)              scaled to size 6.5pt on input line 198.
LaTeX Font Info:    Font shape `OML/zchmi/m/it' will be
(Font)              scaled to size 6.5pt on input line 198.
LaTeX Font Info:    Font shape `LMS/ntxsy/m/n' will be
(Font)              scaled to size 6.5pt on input line 198.
LaTeX Font Info:    Font shape `LMX/ntxexx/m/n' will be
(Font)              scaled to size 6.5pt on input line 198.
LaTeX Font Info:    Font shape `U/ntxmia/m/it' will be
(Font)              scaled to size 6.5pt on input line 198.
LaTeX Font Info:    Font shape `U/ntxsym/m/n' will be
(Font)              scaled to size 6.5pt on input line 198.
LaTeX Font Info:    Font shape `U/ntxsyc/m/n' will be
(Font)              scaled to size 6.5pt on input line 198.
LaTeX Font Info:    Font shape `U/ntxexa/m/n' will be
(Font)              scaled to size 6.5pt on input line 198.
LaTeX Font Info:    Font shape `OT1/XCharter-TLF/b/n' will be
(Font)              scaled to size 6.5pt on input line 198.
LaTeX Font Info:    Font shape `OML/zchmi/b/it' will be
(Font)              scaled to size 6.5pt on input line 198.
LaTeX Font Info:    Font shape `LMS/ntxsy/b/n' will be
(Font)              scaled to size 6.5pt on input line 198.
LaTeX Font Info:    Font shape `LMX/ntxexx/b/n' will be
(Font)              scaled to size 6.5pt on input line 198.
LaTeX Font Info:    Font shape `T1/XCharter-TLF/b/n' will be
(Font)              scaled to size 10.0pt on input line 198.
LaTeX Font Info:    Font shape `T1/XCharter-TLF/b/sc' will be
(Font)              scaled to size 10.0pt on input line 198.
LaTeX Font Info:    Font shape `OT1/XCharter-TLF/m/n' will be
(Font)              scaled to size 10.0pt on input line 198.
LaTeX Font Info:    Font shape `OT1/XCharter-TLF/m/n' will be
(Font)              scaled to size 7.3pt on input line 198.
LaTeX Font Info:    Font shape `OML/zchmi/m/it' will be
(Font)              scaled to size 10.0pt on input line 198.
LaTeX Font Info:    Font shape `OML/zchmi/m/it' will be
(Font)              scaled to size 7.3pt on input line 198.
LaTeX Font Info:    Font shape `LMS/ntxsy/m/n' will be
(Font)              scaled to size 10.0pt on input line 198.
LaTeX Font Info:    Font shape `LMS/ntxsy/m/n' will be
(Font)              scaled to size 7.3pt on input line 198.
LaTeX Font Info:    Font shape `LMX/ntxexx/m/n' will be
(Font)              scaled to size 10.0pt on input line 198.
LaTeX Font Info:    Font shape `LMX/ntxexx/m/n' will be
(Font)              scaled to size 7.3pt on input line 198.
LaTeX Font Info:    Font shape `U/ntxmia/m/it' will be
(Font)              scaled to size 10.0pt on input line 198.
LaTeX Font Info:    Font shape `U/ntxmia/m/it' will be
(Font)              scaled to size 7.3pt on input line 198.
LaTeX Font Info:    Font shape `U/ntxsym/m/n' will be
(Font)              scaled to size 10.0pt on input line 198.
LaTeX Font Info:    Font shape `U/ntxsym/m/n' will be
(Font)              scaled to size 7.3pt on input line 198.
LaTeX Font Info:    Font shape `U/ntxsyc/m/n' will be
(Font)              scaled to size 10.0pt on input line 198.
LaTeX Font Info:    Font shape `U/ntxsyc/m/n' will be
(Font)              scaled to size 7.3pt on input line 198.
LaTeX Font Info:    Font shape `U/ntxexa/m/n' will be
(Font)              scaled to size 10.0pt on input line 198.
LaTeX Font Info:    Font shape `U/ntxexa/m/n' will be
(Font)              scaled to size 7.3pt on input line 198.
LaTeX Font Info:    Font shape `OT1/XCharter-TLF/b/n' will be
(Font)              scaled to size 10.0pt on input line 198.
LaTeX Font Info:    Font shape `OT1/XCharter-TLF/b/n' will be
(Font)              scaled to size 7.3pt on input line 198.
LaTeX Font Info:    Font shape `OML/zchmi/b/it' will be
(Font)              scaled to size 10.0pt on input line 198.
LaTeX Font Info:    Font shape `OML/zchmi/b/it' will be
(Font)              scaled to size 7.3pt on input line 198.
LaTeX Font Info:    Font shape `LMS/ntxsy/b/n' will be
(Font)              scaled to size 10.0pt on input line 198.
LaTeX Font Info:    Font shape `LMS/ntxsy/b/n' will be
(Font)              scaled to size 7.3pt on input line 198.
LaTeX Font Info:    Font shape `LMX/ntxexx/b/n' will be
(Font)              scaled to size 10.0pt on input line 198.
LaTeX Font Info:    Font shape `LMX/ntxexx/b/n' will be
(Font)              scaled to size 7.3pt on input line 198.
LaTeX Font Info:    Font shape `OT1/XCharter-TLF/m/n' will be
(Font)              scaled to size 10.95pt on input line 198.
LaTeX Font Info:    Font shape `OT1/XCharter-TLF/m/n' will be
(Font)              scaled to size 6.1pt on input line 198.
LaTeX Font Info:    Font shape `OML/zchmi/m/it' will be
(Font)              scaled to size 10.95pt on input line 198.
LaTeX Font Info:    Font shape `OML/zchmi/m/it' will be
(Font)              scaled to size 6.1pt on input line 198.
LaTeX Font Info:    Font shape `LMS/ntxsy/m/n' will be
(Font)              scaled to size 10.95pt on input line 198.
LaTeX Font Info:    Font shape `LMS/ntxsy/m/n' will be
(Font)              scaled to size 6.1pt on input line 198.
LaTeX Font Info:    Font shape `LMX/ntxexx/m/n' will be
(Font)              scaled to size 10.95pt on input line 198.
LaTeX Font Info:    Font shape `LMX/ntxexx/m/n' will be
(Font)              scaled to size 6.1pt on input line 198.
LaTeX Font Info:    Font shape `U/ntxmia/m/it' will be
(Font)              scaled to size 10.95pt on input line 198.
LaTeX Font Info:    Font shape `U/ntxmia/m/it' will be
(Font)              scaled to size 6.1pt on input line 198.
LaTeX Font Info:    Font shape `U/ntxsym/m/n' will be
(Font)              scaled to size 10.95pt on input line 198.
LaTeX Font Info:    Font shape `U/ntxsym/m/n' will be
(Font)              scaled to size 6.1pt on input line 198.
LaTeX Font Info:    Font shape `U/ntxsyc/m/n' will be
(Font)              scaled to size 10.95pt on input line 198.
LaTeX Font Info:    Font shape `U/ntxsyc/m/n' will be
(Font)              scaled to size 6.1pt on input line 198.
LaTeX Font Info:    Font shape `U/ntxexa/m/n' will be
(Font)              scaled to size 10.95pt on input line 198.
LaTeX Font Info:    Font shape `U/ntxexa/m/n' will be
(Font)              scaled to size 6.1pt on input line 198.
LaTeX Font Info:    Font shape `OT1/XCharter-TLF/b/n' will be
(Font)              scaled to size 10.95pt on input line 198.
LaTeX Font Info:    Font shape `OT1/XCharter-TLF/b/n' will be
(Font)              scaled to size 6.1pt on input line 198.
LaTeX Font Info:    Font shape `OML/zchmi/b/it' will be
(Font)              scaled to size 10.95pt on input line 198.
LaTeX Font Info:    Font shape `OML/zchmi/b/it' will be
(Font)              scaled to size 6.1pt on input line 198.
LaTeX Font Info:    Font shape `LMS/ntxsy/b/n' will be
(Font)              scaled to size 10.95pt on input line 198.
LaTeX Font Info:    Font shape `LMS/ntxsy/b/n' will be
(Font)              scaled to size 6.1pt on input line 198.
LaTeX Font Info:    Font shape `LMX/ntxexx/b/n' will be
(Font)              scaled to size 10.95pt on input line 198.
LaTeX Font Info:    Font shape `LMX/ntxexx/b/n' will be
(Font)              scaled to size 6.1pt on input line 198.

Underfull \hbox (badness 10000) in paragraph at lines 198--199

 []

<figures/de-ce-arr.pdf, id=119, 804.00375pt x 302.12875pt>
File: figures/de-ce-arr.pdf Graphic file (type pdf)
<use figures/de-ce-arr.pdf>
Package pdftex.def Info: figures/de-ce-arr.pdf  used on input line 202.
(pdftex.def)             Requested size: 472.31595pt x 177.48453pt.
LaTeX Font Info:    Font shape `T1/XCharter-TLF/m/n' will be
(Font)              scaled to size 12.0pt on input line 212.
LaTeX Font Info:    Font shape `T1/XCharter-TLF/b/n' will be
(Font)              scaled to size 12.0pt on input line 212.
LaTeX Font Info:    Font shape `T1/XCharter-TLF/b/n' will be
(Font)              scaled to size 13.0pt on input line 212.


<assets/logo_GoogleDeepMind_FullColor.png, id=126, 3824.2875pt x 513.92pt>
File: assets/logo_GoogleDeepMind_FullColor.png Graphic file (type png)
<use assets/logo_GoogleDeepMind_FullColor.png>
Package pdftex.def Info: assets/logo_GoogleDeepMind_FullColor.png  used on input line 219.
(pdftex.def)             Requested size: 133.92209pt x 18.0pt.
LaTeX Font Info:    Font shape `T1/XCharter-TLF/m/it' will be
(Font)              scaled to size 8.0pt on input line 219.
LaTeX Font Info:    Trying to load font information for TS1+XCharter-TLF on input line 219.
(/usr/local/texlive/2025/texmf-dist/tex/latex/xcharter/TS1XCharter-TLF.fd
File: TS1XCharter-TLF.fd 2020/05/25 (msharpe) Font definitions for TS1/XCharter-TLF.
)
LaTeX Font Info:    Font shape `TS1/XCharter-TLF/m/n' will be
(Font)              scaled to size 8.0pt on input line 219.
Package microtype Info: Character `textbardbl ' is missing
(microtype)             in font `TS1/XCharter-TLF/m/n/8'.
(microtype)             Ignoring protrusion settings for this character.
Package microtype Info: Character `textcelsius ' is missing
(microtype)             in font `TS1/XCharter-TLF/m/n/8'.
(microtype)             Ignoring protrusion settings for this character.
LaTeX Font Info:    Font shape `T1/XCharter-TLF/b/n' will be
(Font)              scaled to size 8.0pt on input line 219.
 [1{/usr/local/texlive/2025/texmf-var/fonts/map/pdftex/updmap/pdftex.map}{/usr/local/texlive/2025/texmf-dist/fonts/enc/dvips/xcharter/xch_rydp4l.enc}

{/usr/local/texlive/2025/texmf-dist/fonts/enc/dvips/xcharter/xch_4j4sw5.enc}{/usr/local/texlive/2025/texmf-dist/fonts/enc/dvips/xcharter/xch1_co4ru4.enc} <./assets/logo_GoogleDeepmind_FullColor.png> <./figures/de-ce-arr.pdf>]
LaTeX Font Info:    Font shape `T1/XCharter-TLF/m/it' will be
(Font)              scaled to size 10.95pt on input line 222.
LaTeX Font Info:    Font shape `TS1/XCharter-TLF/m/n' will be
(Font)              scaled to size 10.95pt on input line 224.
Package microtype Info: Character `textbardbl ' is missing
(microtype)             in font `TS1/XCharter-TLF/m/n/10.95'.
(microtype)             Ignoring protrusion settings for this character.
Package microtype Info: Character `textcelsius ' is missing
(microtype)             in font `TS1/XCharter-TLF/m/n/10.95'.
(microtype)             Ignoring protrusion settings for this character.
LaTeX Font Info:    Font shape `T1/XCharter-TLF/b/sc' will be
(Font)              scaled to size 10.95pt on input line 226.


[2]

[3{/usr/local/texlive/2025/texmf-dist/fonts/enc/dvips/xcharter/xch_3gllts.enc}]
Package hyperref Info: bookmark level for unknown definition defaults to 0 on input line 251.
LaTeX Font Info:    Freeze math alphabet allocation in version normal.
(Font)              Allocated math groups: 14 (local: 2) on input line 252.
LaTeX Font Info:    Trying to load font information for U+eus on input line 252.
 (/usr/local/texlive/2025/texmf-dist/tex/latex/amsfonts/ueus.fd
File: ueus.fd 2013/01/14 v3.01 Euler Script
) (/usr/local/texlive/2025/texmf-dist/tex/latex/microtype/mt-eus.cfg
File: mt-eus.cfg 2006/07/28 v1.2 microtype config. file: AMS Euler Script (RS)
)
LaTeX Font Info:    Undo math alphabet allocation in version normal on input line 252.
LaTeX Font Info:    No math alphabet change to frozen version normal on input line 252.
LaTeX Font Info:    No math alphabet change to frozen version normal on input line 252.
LaTeX Font Info:    No math alphabet change to frozen version normal on input line 252.
LaTeX Font Info:    No math alphabet change to frozen version normal on input line 252.
LaTeX Font Info:    No math alphabet change to frozen version normal on input line 252.
LaTeX Font Info:    No math alphabet change to frozen version normal on input line 252.
LaTeX Font Info:    No math alphabet change to frozen version normal on input line 255.
LaTeX Font Info:    No math alphabet change to frozen version normal on input line 255.
LaTeX Font Info:    No math alphabet change to frozen version normal on input line 255.
LaTeX Font Info:    No math alphabet change to frozen version normal on input line 255.
LaTeX Font Info:    No math alphabet change to frozen version normal on input line 255.
LaTeX Font Info:    Nested math: keeping math alphabet allocation in version normal on input line 255.
LaTeX Font Info:    No math alphabet change to frozen version normal on input line 255.
LaTeX Font Info:    Nested math: keeping math alphabet allocation in version normal on input line 257.
LaTeX Font Info:    No math alphabet change to frozen version normal on input line 257.
LaTeX Font Info:    No math alphabet change to frozen version normal on input line 259.
LaTeX Font Info:    No math alphabet change to frozen version normal on input line 259.
LaTeX Font Info:    No math alphabet change to frozen version normal on input line 259.
LaTeX Font Info:    No math alphabet change to frozen version normal on input line 262.
LaTeX Font Info:    No math alphabet change to frozen version normal on input line 262.
LaTeX Font Info:    No math alphabet change to frozen version normal on input line 262.
LaTeX Font Info:    No math alphabet change to frozen version normal on input line 266.
LaTeX Font Info:    No math alphabet change to frozen version normal on input line 266.
LaTeX Font Info:    No math alphabet change to frozen version normal on input line 268.
LaTeX Font Info:    No math alphabet change to frozen version normal on input line 268.
LaTeX Font Info:    No math alphabet change to frozen version normal on input line 269.
LaTeX Font Info:    No math alphabet change to frozen version normal on input line 269.
LaTeX Font Info:    No math alphabet change to frozen version normal on input line 269.
LaTeX Font Info:    No math alphabet change to frozen version normal on input line 269.
LaTeX Font Info:    Undo math alphabet allocation in version normal on input line 269.


[4]
LaTeX Font Info:    No math alphabet change to frozen version normal on input line 288.
LaTeX Font Info:    No math alphabet change to frozen version normal on input line 288.
LaTeX Font Info:    Nested math: keeping math alphabet allocation in version normal on input line 289.
LaTeX Font Info:    Nested math: keeping math alphabet allocation in version normal on input line 289.
LaTeX Font Info:    Nested math: keeping math alphabet allocation in version normal on input line 289.
LaTeX Font Info:    Nested math: keeping math alphabet allocation in version normal on input line 289.
LaTeX Font Info:    Font shape `T1/XCharter-TLF/m/n' will be
(Font)              scaled to size 6.1pt on input line 290.
LaTeX Font Info:    Nested math: keeping math alphabet allocation in version normal on input line 290.
LaTeX Font Info:    No math alphabet change to frozen version normal on input line 291.
LaTeX Font Info:    No math alphabet change to frozen version normal on input line 291.
LaTeX Font Info:    No math alphabet change to frozen version normal on input line 292.
LaTeX Font Info:    No math alphabet change to frozen version normal on input line 292.
LaTeX Font Info:    No math alphabet change to frozen version normal on input line 292.
LaTeX Font Info:    No math alphabet change to frozen version normal on input line 293.
LaTeX Font Info:    No math alphabet change to frozen version normal on input line 293.
Package hyperref Info: bookmark level for unknown prop defaults to 0 on input line 295.
LaTeX Font Info:    Font shape `T1/XCharter-TLF/m/it' will be
(Font)              scaled to size 6.1pt on input line 296.
LaTeX Font Info:    Nested math: keeping math alphabet allocation in version normal on input line 296.
LaTeX Font Info:    No math alphabet change to frozen version normal on input line 296.
LaTeX Font Info:    No math alphabet change to frozen version normal on input line 296.
LaTeX Font Info:    No math alphabet change to frozen version normal on input line 296.
LaTeX Font Info:    No math alphabet change to frozen version normal on input line 296.
LaTeX Font Info:    Nested math: keeping math alphabet allocation in version normal on input line 296.
LaTeX Font Info:    No math alphabet change to frozen version normal on input line 296.
LaTeX Font Info:    Nested math: keeping math alphabet allocation in version normal on input line 297.
LaTeX Font Info:    Nested math: keeping math alphabet allocation in version normal on input line 297.
LaTeX Font Info:    Nested math: keeping math alphabet allocation in version normal on input line 297.
LaTeX Font Info:    Nested math: keeping math alphabet allocation in version normal on input line 297.
LaTeX Font Info:    No math alphabet change to frozen version normal on input line 299.
LaTeX Font Info:    No math alphabet change to frozen version normal on input line 299.
LaTeX Font Info:    No math alphabet change to frozen version normal on input line 302.
LaTeX Font Info:    No math alphabet change to frozen version normal on input line 302.
LaTeX Font Info:    No math alphabet change to frozen version normal on input line 302.
LaTeX Font Info:    No math alphabet change to frozen version normal on input line 302.
LaTeX Font Info:    No math alphabet change to frozen version normal on input line 302.
LaTeX Font Info:    No math alphabet change to frozen version normal on input line 302.
LaTeX Font Info:    No math alphabet change to frozen version normal on input line 302.
LaTeX Font Info:    No math alphabet change to frozen version normal on input line 302.
LaTeX Font Info:    No math alphabet change to frozen version normal on input line 305.
LaTeX Font Info:    No math alphabet change to frozen version normal on input line 305.
LaTeX Font Info:    No math alphabet change to frozen version normal on input line 305.
LaTeX Font Info:    No math alphabet change to frozen version normal on input line 305.
LaTeX Font Info:    No math alphabet change to frozen version normal on input line 305.
LaTeX Font Info:    No math alphabet change to frozen version normal on input line 305.
LaTeX Font Info:    No math alphabet change to frozen version normal on input line 307.
LaTeX Font Info:    No math alphabet change to frozen version normal on input line 307.
LaTeX Font Info:    No math alphabet change to frozen version normal on input line 308.
LaTeX Font Info:    No math alphabet change to frozen version normal on input line 313.
LaTeX Font Info:    Nested math: keeping math alphabet allocation in version normal on input line 313.
LaTeX Font Info:    No math alphabet change to frozen version normal on input line 313.
LaTeX Font Info:    Nested math: keeping math alphabet allocation in version normal on input line 313.
LaTeX Font Info:    No math alphabet change to frozen version normal on input line 313.
LaTeX Font Info:    No math alphabet change to frozen version normal on input line 313.
LaTeX Font Info:    No math alphabet change to frozen version normal on input line 313.
LaTeX Font Info:    No math alphabet change to frozen version normal on input line 313.
LaTeX Font Info:    No math alphabet change to frozen version normal on input line 313.
LaTeX Font Info:    No math alphabet change to frozen version normal on input line 313.
LaTeX Font Info:    Nested math: keeping math alphabet allocation in version normal on input line 315.
LaTeX Font Info:    Undo math alphabet allocation in version normal on input line 315.
LaTeX Font Info:    Nested math: keeping math alphabet allocation in version normal on input line 315.
LaTeX Font Info:    Undo math alphabet allocation in version normal on input line 315.
LaTeX Font Info:    Nested math: keeping math alphabet allocation in version normal on input line 318.
LaTeX Font Info:    Nested math: keeping math alphabet allocation in version normal on input line 318.
LaTeX Font Info:    Nested math: keeping math alphabet allocation in version normal on input line 318.
LaTeX Font Info:    Nested math: keeping math alphabet allocation in version normal on input line 318.
LaTeX Font Info:    Nested math: keeping math alphabet allocation in version normal on input line 318.
LaTeX Font Info:    Nested math: keeping math alphabet allocation in version normal on input line 318.
LaTeX Font Info:    Nested math: keeping math alphabet allocation in version normal on input line 318.
LaTeX Font Info:    Nested math: keeping math alphabet allocation in version normal on input line 318.
LaTeX Font Info:    Nested math: keeping math alphabet allocation in version normal on input line 319.
LaTeX Font Info:    Nested math: keeping math alphabet allocation in version normal on input line 319.
LaTeX Font Info:    Nested math: keeping math alphabet allocation in version normal on input line 319.
LaTeX Font Info:    Nested math: keeping math alphabet allocation in version normal on input line 319.
LaTeX Font Info:    Nested math: keeping math alphabet allocation in version normal on input line 320.
LaTeX Font Info:    Nested math: keeping math alphabet allocation in version normal on input line 320.
LaTeX Font Info:    Undo math alphabet allocation in version normal on input line 321.
LaTeX Font Info:    Nested math: keeping math alphabet allocation in version normal on input line 322.
LaTeX Font Info:    Nested math: keeping math alphabet allocation in version normal on input line 322.
LaTeX Font Info:    Undo math alphabet allocation in version normal on input line 322.
LaTeX Font Info:    Nested math: keeping math alphabet allocation in version normal on input line 322.
LaTeX Font Info:    Undo math alphabet allocation in version normal on input line 322.
LaTeX Font Info:    Nested math: keeping math alphabet allocation in version normal on input line 322.
LaTeX Font Info:    No math alphabet change to frozen version normal on input line 322.
LaTeX Font Info:    Nested math: keeping math alphabet allocation in version normal on input line 322.
LaTeX Font Info:    Nested math: keeping math alphabet allocation in version normal on input line 322.
LaTeX Font Info:    Nested math: keeping math alphabet allocation in version normal on input line 322.
LaTeX Font Info:    Undo math alphabet allocation in version normal on input line 322.
LaTeX Font Info:    Nested math: keeping math alphabet allocation in version normal on input line 322.
LaTeX Font Info:    No math alphabet change to frozen version normal on input line 322.
LaTeX Font Info:    No math alphabet change to frozen version normal on input line 324.
LaTeX Font Info:    No math alphabet change to frozen version normal on input line 324.


[5]
LaTeX Font Info:    Nested math: keeping math alphabet allocation in version normal on input line 329.
LaTeX Font Info:    Undo math alphabet allocation in version normal on input line 329.
LaTeX Font Info:    Nested math: keeping math alphabet allocation in version normal on input line 329.
LaTeX Font Info:    Undo math alphabet allocation in version normal on input line 329.
LaTeX Font Info:    Nested math: keeping math alphabet allocation in version normal on input line 333.
LaTeX Font Info:    Undo math alphabet allocation in version normal on input line 333.
LaTeX Font Info:    No math alphabet change to frozen version normal on input line 333.
LaTeX Font Info:    Nested math: keeping math alphabet allocation in version normal on input line 333.
LaTeX Font Info:    Undo math alphabet allocation in version normal on input line 333.
LaTeX Font Info:    Nested math: keeping math alphabet allocation in version normal on input line 333.
LaTeX Font Info:    Undo math alphabet allocation in version normal on input line 333.
Package hyperref Info: bookmark level for unknown corollary defaults to 0 on input line 335.
LaTeX Font Info:    Nested math: keeping math alphabet allocation in version normal on input line 336.
LaTeX Font Info:    Undo math alphabet allocation in version normal on input line 336.
LaTeX Font Info:    Nested math: keeping math alphabet allocation in version normal on input line 336.
LaTeX Font Info:    Undo math alphabet allocation in version normal on input line 336.
LaTeX Font Info:    Nested math: keeping math alphabet allocation in version normal on input line 344.
LaTeX Font Info:    Undo math alphabet allocation in version normal on input line 344.
LaTeX Font Info:    Nested math: keeping math alphabet allocation in version normal on input line 344.
LaTeX Font Info:    Undo math alphabet allocation in version normal on input line 344.
LaTeX Font Info:    Nested math: keeping math alphabet allocation in version normal on input line 346.
LaTeX Font Info:    Undo math alphabet allocation in version normal on input line 346.
LaTeX Font Info:    Font shape `T1/XCharter-TLF/b/it' will be
(Font)              scaled to size 10.95pt on input line 348.
LaTeX Font Info:    No math alphabet change to frozen version normal on input line 348.
LaTeX Font Info:    No math alphabet change to frozen version normal on input line 348.
LaTeX Font Info:    No math alphabet change to frozen version normal on input line 348.
LaTeX Font Info:    Nested math: keeping math alphabet allocation in version normal on input line 348.
LaTeX Font Info:    Undo math alphabet allocation in version normal on input line 348.
LaTeX Font Info:    No math alphabet change to frozen version normal on input line 348.
LaTeX Font Info:    Nested math: keeping math alphabet allocation in version normal on input line 348.
LaTeX Font Info:    No math alphabet change to frozen version normal on input line 348.
LaTeX Font Info:    No math alphabet change to frozen version normal on input line 348.
LaTeX Font Info:    No math alphabet change to frozen version normal on input line 348.
LaTeX Font Info:    Nested math: keeping math alphabet allocation in version normal on input line 348.
LaTeX Font Info:    Nested math: keeping math alphabet allocation in version normal on input line 348.
LaTeX Font Info:    Undo math alphabet allocation in version normal on input line 348.
LaTeX Font Info:    No math alphabet change to frozen version normal on input line 348.
LaTeX Font Info:    Nested math: keeping math alphabet allocation in version normal on input line 350.
LaTeX Font Info:    Undo math alphabet allocation in version normal on input line 350.
LaTeX Font Info:    Nested math: keeping math alphabet allocation in version normal on input line 350.
LaTeX Font Info:    No math alphabet change to frozen version normal on input line 350.


[6{/usr/local/texlive/2025/texmf-dist/fonts/enc/dvips/xcharter/xch_uaipw4.enc}]
LaTeX Font Info:    No math alphabet change to frozen version normal on input line 354.
LaTeX Font Info:    No math alphabet change to frozen version normal on input line 354.
LaTeX Font Info:    No math alphabet change to frozen version normal on input line 354.
LaTeX Font Info:    No math alphabet change to frozen version normal on input line 354.
LaTeX Font Info:    No math alphabet change to frozen version normal on input line 354.
LaTeX Font Info:    No math alphabet change to frozen version normal on input line 354.
LaTeX Font Info:    Font shape `T1/XCharter-TLF/m/sc' will be
(Font)              scaled to size 10.95pt on input line 354.
LaTeX Font Info:    No math alphabet change to frozen version normal on input line 354.
LaTeX Font Info:    No math alphabet change to frozen version normal on input line 354.
LaTeX Font Info:    No math alphabet change to frozen version normal on input line 354.
LaTeX Font Info:    No math alphabet change to frozen version normal on input line 354.
LaTeX Font Info:    No math alphabet change to frozen version normal on input line 354.
LaTeX Font Info:    No math alphabet change to frozen version normal on input line 354.
LaTeX Font Info:    No math alphabet change to frozen version normal on input line 354.
LaTeX Font Info:    No math alphabet change to frozen version normal on input line 354.
LaTeX Font Info:    Nested math: keeping math alphabet allocation in version normal on input line 359.
LaTeX Font Info:    Nested math: keeping math alphabet allocation in version normal on input line 359.
LaTeX Font Info:    Nested math: keeping math alphabet allocation in version normal on input line 359.
LaTeX Font Info:    Nested math: keeping math alphabet allocation in version normal on input line 359.
LaTeX Font Info:    Nested math: keeping math alphabet allocation in version normal on input line 360.
LaTeX Font Info:    Nested math: keeping math alphabet allocation in version normal on input line 360.
LaTeX Font Info:    Nested math: keeping math alphabet allocation in version normal on input line 360.
LaTeX Font Info:    Nested math: keeping math alphabet allocation in version normal on input line 360.
LaTeX Font Info:    No math alphabet change to frozen version normal on input line 361.
LaTeX Font Info:    No math alphabet change to frozen version normal on input line 361.
LaTeX Font Info:    No math alphabet change to frozen version normal on input line 363.
LaTeX Font Info:    No math alphabet change to frozen version normal on input line 363.
LaTeX Font Info:    No math alphabet change to frozen version normal on input line 363.
LaTeX Font Info:    No math alphabet change to frozen version normal on input line 365.
LaTeX Font Info:    Nested math: keeping math alphabet allocation in version normal on input line 366.
LaTeX Font Info:    Nested math: keeping math alphabet allocation in version normal on input line 366.
LaTeX Font Info:    Nested math: keeping math alphabet allocation in version normal on input line 366.
LaTeX Font Info:    Nested math: keeping math alphabet allocation in version normal on input line 366.
LaTeX Font Info:    Nested math: keeping math alphabet allocation in version normal on input line 368.
LaTeX Font Info:    Nested math: keeping math alphabet allocation in version normal on input line 368.
LaTeX Font Info:    Nested math: keeping math alphabet allocation in version normal on input line 368.
LaTeX Font Info:    Nested math: keeping math alphabet allocation in version normal on input line 368.
LaTeX Font Info:    Nested math: keeping math alphabet allocation in version normal on input line 368.
LaTeX Font Info:    Nested math: keeping math alphabet allocation in version normal on input line 368.
LaTeX Font Info:    Nested math: keeping math alphabet allocation in version normal on input line 369.
LaTeX Font Info:    Nested math: keeping math alphabet allocation in version normal on input line 369.
LaTeX Font Info:    Nested math: keeping math alphabet allocation in version normal on input line 369.
LaTeX Font Info:    Nested math: keeping math alphabet allocation in version normal on input line 369.
LaTeX Font Info:    Nested math: keeping math alphabet allocation in version normal on input line 370.
LaTeX Font Info:    Nested math: keeping math alphabet allocation in version normal on input line 370.
LaTeX Font Info:    No math alphabet change to frozen version normal on input line 372.
LaTeX Font Info:    No math alphabet change to frozen version normal on input line 372.
LaTeX Font Info:    No math alphabet change to frozen version normal on input line 373.
LaTeX Font Info:    No math alphabet change to frozen version normal on input line 377.
LaTeX Font Info:    No math alphabet change to frozen version normal on input line 377.
LaTeX Font Info:    No math alphabet change to frozen version normal on input line 377.
LaTeX Font Info:    No math alphabet change to frozen version normal on input line 377.
LaTeX Font Info:    No math alphabet change to frozen version normal on input line 377.
LaTeX Font Info:    No math alphabet change to frozen version normal on input line 377.
LaTeX Font Info:    No math alphabet change to frozen version normal on input line 377.
LaTeX Font Info:    No math alphabet change to frozen version normal on input line 377.
LaTeX Font Info:    No math alphabet change to frozen version normal on input line 380.


Package hyperref Warning: Token not allowed in a PDF string (Unicode):
(hyperref)                removing `math shift' on input line 380.


Package hyperref Warning: Token not allowed in a PDF string (Unicode):
(hyperref)                removing `math shift' on input line 380.

LaTeX Font Info:    No math alphabet change to frozen version normal on input line 386.
LaTeX Font Info:    Trying to load font information for T1+zlmtt on input line 386.
(/usr/local/texlive/2025/texmf-dist/tex/latex/zlmtt/t1zlmtt.fd
File: t1zlmtt.fd 2014/02/07 v1.0 Alternate font definitions for Latin Modern Typewriter, Michael Sharpe
)
LaTeX Font Info:    Font shape `T1/zlmtt/m/n' will be
(Font)              scaled to size 12.04506pt on input line 386.
Package microtype Info: Loading generic protrusion settings for font family
(microtype)             `zlmtt' (encoding: T1).
(microtype)             For optimal results, create family-specific settings.
(microtype)             See the microtype manual for details.
LaTeX Font Info:    No math alphabet change to frozen version normal on input line 386.
LaTeX Font Info:    No math alphabet change to frozen version normal on input line 387.
LaTeX Font Info:    No math alphabet change to frozen version normal on input line 387.


[7{/usr/local/texlive/2025/texmf-dist/fonts/enc/dvips/xcharter/xch_yelf2i.enc}]
LaTeX Font Info:    No math alphabet change to frozen version normal on input line 388.
LaTeX Font Info:    No math alphabet change to frozen version normal on input line 388.
LaTeX Font Info:    No math alphabet change to frozen version normal on input line 389.
LaTeX Font Info:    No math alphabet change to frozen version normal on input line 389.
LaTeX Font Info:    No math alphabet change to frozen version normal on input line 390.
LaTeX Font Info:    No math alphabet change to frozen version normal on input line 390.
LaTeX Font Info:    No math alphabet change to frozen version normal on input line 393.
LaTeX Font Info:    No math alphabet change to frozen version normal on input line 393.
LaTeX Font Info:    No math alphabet change to frozen version normal on input line 393.
LaTeX Font Info:    No math alphabet change to frozen version normal on input line 393.
LaTeX Font Info:    Nested math: keeping math alphabet allocation in version normal on input line 393.
LaTeX Font Info:    No math alphabet change to frozen version normal on input line 393.
LaTeX Font Info:    No math alphabet change to frozen version normal on input line 393.
LaTeX Font Info:    No math alphabet change to frozen version normal on input line 393.
LaTeX Font Info:    No math alphabet change to frozen version normal on input line 393.
<figures/trie-onehots-marginalization.pdf, id=322, 803.0pt x 373.395pt>
File: figures/trie-onehots-marginalization.pdf Graphic file (type pdf)
<use figures/trie-onehots-marginalization.pdf>
Package pdftex.def Info: figures/trie-onehots-marginalization.pdf  used on input line 397.
(pdftex.def)             Requested size: 472.31595pt x 219.63452pt.
LaTeX Font Info:    Nested math: keeping math alphabet allocation in version normal on input line 398.
LaTeX Font Info:    No math alphabet change to frozen version normal on input line 398.
LaTeX Font Info:    No math alphabet change to frozen version normal on input line 402.
LaTeX Font Info:    No math alphabet change to frozen version normal on input line 402.
LaTeX Font Info:    No math alphabet change to frozen version normal on input line 402.
LaTeX Font Info:    Nested math: keeping math alphabet allocation in version normal on input line 402.
LaTeX Font Info:    No math alphabet change to frozen version normal on input line 402.
LaTeX Font Info:    No math alphabet change to frozen version normal on input line 402.
LaTeX Font Info:    Nested math: keeping math alphabet allocation in version normal on input line 402.
LaTeX Font Info:    No math alphabet change to frozen version normal on input line 402.
LaTeX Font Info:    No math alphabet change to frozen version normal on input line 402.
LaTeX Font Info:    Nested math: keeping math alphabet allocation in version normal on input line 402.
LaTeX Font Info:    No math alphabet change to frozen version normal on input line 402.
LaTeX Font Info:    No math alphabet change to frozen version normal on input line 402.
LaTeX Font Info:    No math alphabet change to frozen version normal on input line 402.
LaTeX Font Info:    Nested math: keeping math alphabet allocation in version normal on input line 402.
LaTeX Font Info:    No math alphabet change to frozen version normal on input line 402.
LaTeX Font Info:    No math alphabet change to frozen version normal on input line 402.
LaTeX Font Info:    Font shape `T1/zlmtt/m/n' will be
(Font)              scaled to size 9.90005pt on input line 402.
LaTeX Font Info:    Font shape `T1/XCharter-TLF/m/it' will be
(Font)              scaled to size 9.0pt on input line 402.
LaTeX Font Info:    No math alphabet change to frozen version normal on input line 402.
LaTeX Font Info:    No math alphabet change to frozen version normal on input line 402.
LaTeX Font Info:    No math alphabet change to frozen version normal on input line 402.
LaTeX Font Info:    No math alphabet change to frozen version normal on input line 402.
LaTeX Font Info:    No math alphabet change to frozen version normal on input line 402.


[8{/usr/local/texlive/2025/texmf-dist/fonts/enc/dvips/lm/lm-ec.enc} <./figures/trie-onehots-marginalization.pdf>]
LaTeX Font Info:    Nested math: keeping math alphabet allocation in version normal on input line 415.
LaTeX Font Info:    No math alphabet change to frozen version normal on input line 415.
LaTeX Font Info:    No math alphabet change to frozen version normal on input line 415.
LaTeX Font Info:    No math alphabet change to frozen version normal on input line 415.
LaTeX Font Info:    No math alphabet change to frozen version normal on input line 415.
LaTeX Font Info:    No math alphabet change to frozen version normal on input line 415.
LaTeX Font Info:    No math alphabet change to frozen version normal on input line 415.
LaTeX Font Info:    No math alphabet change to frozen version normal on input line 415.
LaTeX Font Info:    No math alphabet change to frozen version normal on input line 415.
LaTeX Font Info:    No math alphabet change to frozen version normal on input line 415.
LaTeX Font Info:    No math alphabet change to frozen version normal on input line 415.
LaTeX Font Info:    No math alphabet change to frozen version normal on input line 415.
LaTeX Font Info:    No math alphabet change to frozen version normal on input line 415.
LaTeX Font Info:    No math alphabet change to frozen version normal on input line 415.
LaTeX Font Info:    Nested math: keeping math alphabet allocation in version normal on input line 424.
LaTeX Font Info:    Nested math: keeping math alphabet allocation in version normal on input line 424.
LaTeX Font Info:    Nested math: keeping math alphabet allocation in version normal on input line 424.
LaTeX Font Info:    Nested math: keeping math alphabet allocation in version normal on input line 424.
LaTeX Font Info:    No math alphabet change to frozen version normal on input line 424.
LaTeX Font Info:    Nested math: keeping math alphabet allocation in version normal on input line 424.
LaTeX Font Info:    No math alphabet change to frozen version normal on input line 424.
LaTeX Font Info:    Nested math: keeping math alphabet allocation in version normal on input line 424.
LaTeX Font Info:    No math alphabet change to frozen version normal on input line 424.
LaTeX Font Info:    No math alphabet change to frozen version normal on input line 426.
LaTeX Font Info:    Nested math: keeping math alphabet allocation in version normal on input line 426.
LaTeX Font Info:    No math alphabet change to frozen version normal on input line 426.
LaTeX Font Info:    Nested math: keeping math alphabet allocation in version normal on input line 431.
LaTeX Font Info:    No math alphabet change to frozen version normal on input line 431.
LaTeX Font Info:    No math alphabet change to frozen version normal on input line 431.
LaTeX Font Info:    No math alphabet change to frozen version normal on input line 431.
LaTeX Font Info:    No math alphabet change to frozen version normal on input line 431.
LaTeX Font Info:    No math alphabet change to frozen version normal on input line 431.
LaTeX Font Info:    No math alphabet change to frozen version normal on input line 431.
LaTeX Font Info:    No math alphabet change to frozen version normal on input line 431.
LaTeX Font Info:    No math alphabet change to frozen version normal on input line 431.
LaTeX Font Info:    No math alphabet change to frozen version normal on input line 431.
LaTeX Font Info:    Nested math: keeping math alphabet allocation in version normal on input line 431.
LaTeX Font Info:    No math alphabet change to frozen version normal on input line 431.
LaTeX Font Info:    No math alphabet change to frozen version normal on input line 431.
LaTeX Font Info:    No math alphabet change to frozen version normal on input line 431.

Overfull \vbox (0.61368pt too high) has occurred while \output is active []



[9]
LaTeX Font Info:    Nested math: keeping math alphabet allocation in version normal on input line 437.
LaTeX Font Info:    No math alphabet change to frozen version normal on input line 437.
LaTeX Font Info:    No math alphabet change to frozen version normal on input line 437.
LaTeX Font Info:    No math alphabet change to frozen version normal on input line 437.
LaTeX Font Info:    No math alphabet change to frozen version normal on input line 437.
LaTeX Font Info:    No math alphabet change to frozen version normal on input line 437.
LaTeX Font Info:    No math alphabet change to frozen version normal on input line 438.
LaTeX Font Info:    No math alphabet change to frozen version normal on input line 439.
LaTeX Font Info:    No math alphabet change to frozen version normal on input line 439.
LaTeX Font Info:    No math alphabet change to frozen version normal on input line 439.
LaTeX Font Info:    No math alphabet change to frozen version normal on input line 439.
LaTeX Font Info:    Nested math: keeping math alphabet allocation in version normal on input line 473.
LaTeX Font Info:    Nested math: keeping math alphabet allocation in version normal on input line 473.
LaTeX Font Info:    Nested math: keeping math alphabet allocation in version normal on input line 473.
LaTeX Font Info:    Nested math: keeping math alphabet allocation in version normal on input line 473.
LaTeX Font Info:    Nested math: keeping math alphabet allocation in version normal on input line 473.
LaTeX Font Info:    Nested math: keeping math alphabet allocation in version normal on input line 473.
LaTeX Font Info:    Nested math: keeping math alphabet allocation in version normal on input line 473.
LaTeX Font Info:    Nested math: keeping math alphabet allocation in version normal on input line 473.
LaTeX Font Info:    Nested math: keeping math alphabet allocation in version normal on input line 473.
LaTeX Font Info:    Nested math: keeping math alphabet allocation in version normal on input line 473.
LaTeX Font Info:    Nested math: keeping math alphabet allocation in version normal on input line 473.
LaTeX Font Info:    Nested math: keeping math alphabet allocation in version normal on input line 473.
LaTeX Font Info:    Nested math: keeping math alphabet allocation in version normal on input line 473.
LaTeX Font Info:    Nested math: keeping math alphabet allocation in version normal on input line 473.
LaTeX Font Info:    Nested math: keeping math alphabet allocation in version normal on input line 473.
LaTeX Font Info:    Nested math: keeping math alphabet allocation in version normal on input line 473.
LaTeX Font Info:    Nested math: keeping math alphabet allocation in version normal on input line 473.
LaTeX Font Info:    Nested math: keeping math alphabet allocation in version normal on input line 473.
LaTeX Font Info:    Nested math: keeping math alphabet allocation in version normal on input line 473.
LaTeX Font Info:    Nested math: keeping math alphabet allocation in version normal on input line 473.
LaTeX Font Info:    Nested math: keeping math alphabet allocation in version normal on input line 473.
LaTeX Font Info:    Nested math: keeping math alphabet allocation in version normal on input line 473.
LaTeX Font Info:    Nested math: keeping math alphabet allocation in version normal on input line 473.
LaTeX Font Info:    Nested math: keeping math alphabet allocation in version normal on input line 473.
LaTeX Font Info:    Nested math: keeping math alphabet allocation in version normal on input line 473.
LaTeX Font Info:    Nested math: keeping math alphabet allocation in version normal on input line 473.
LaTeX Font Info:    Nested math: keeping math alphabet allocation in version normal on input line 473.
LaTeX Font Info:    Nested math: keeping math alphabet allocation in version normal on input line 473.
LaTeX Font Info:    Nested math: keeping math alphabet allocation in version normal on input line 473.
LaTeX Font Info:    Nested math: keeping math alphabet allocation in version normal on input line 473.
LaTeX Font Info:    No math alphabet change to frozen version normal on input line 473.
LaTeX Font Info:    No math alphabet change to frozen version normal on input line 474.
LaTeX Font Info:    Nested math: keeping math alphabet allocation in version normal on input line 497.
LaTeX Font Info:    Nested math: keeping math alphabet allocation in version normal on input line 497.
LaTeX Font Info:    Nested math: keeping math alphabet allocation in version normal on input line 497.
LaTeX Font Info:    Nested math: keeping math alphabet allocation in version normal on input line 497.
LaTeX Font Info:    Nested math: keeping math alphabet allocation in version normal on input line 497.
LaTeX Font Info:    Nested math: keeping math alphabet allocation in version normal on input line 497.
LaTeX Font Info:    Nested math: keeping math alphabet allocation in version normal on input line 497.
LaTeX Font Info:    Nested math: keeping math alphabet allocation in version normal on input line 497.
LaTeX Font Info:    Nested math: keeping math alphabet allocation in version normal on input line 497.
LaTeX Font Info:    Nested math: keeping math alphabet allocation in version normal on input line 497.
LaTeX Font Info:    Nested math: keeping math alphabet allocation in version normal on input line 497.
LaTeX Font Info:    Nested math: keeping math alphabet allocation in version normal on input line 497.
LaTeX Font Info:    Nested math: keeping math alphabet allocation in version normal on input line 497.
LaTeX Font Info:    Nested math: keeping math alphabet allocation in version normal on input line 497.
LaTeX Font Info:    Nested math: keeping math alphabet allocation in version normal on input line 497.
LaTeX Font Info:    Nested math: keeping math alphabet allocation in version normal on input line 497.
LaTeX Font Info:    Nested math: keeping math alphabet allocation in version normal on input line 497.
LaTeX Font Info:    Nested math: keeping math alphabet allocation in version normal on input line 497.
LaTeX Font Info:    Nested math: keeping math alphabet allocation in version normal on input line 497.
LaTeX Font Info:    No math alphabet change to frozen version normal on input line 497.
LaTeX Font Info:    No math alphabet change to frozen version normal on input line 498.


[10]
LaTeX Font Info:    No math alphabet change to frozen version normal on input line 508.
LaTeX Font Info:    No math alphabet change to frozen version normal on input line 508.
LaTeX Font Info:    No math alphabet change to frozen version normal on input line 508.
LaTeX Font Info:    No math alphabet change to frozen version normal on input line 508.
LaTeX Font Info:    No math alphabet change to frozen version normal on input line 508.
LaTeX Font Info:    No math alphabet change to frozen version normal on input line 508.
LaTeX Font Info:    No math alphabet change to frozen version normal on input line 508.
LaTeX Font Info:    No math alphabet change to frozen version normal on input line 510.
LaTeX Font Info:    No math alphabet change to frozen version normal on input line 510.
LaTeX Font Info:    No math alphabet change to frozen version normal on input line 510.
LaTeX Font Info:    No math alphabet change to frozen version normal on input line 510.
LaTeX Font Info:    No math alphabet change to frozen version normal on input line 518.
LaTeX Font Info:    No math alphabet change to frozen version normal on input line 518.
LaTeX Font Info:    No math alphabet change to frozen version normal on input line 519.
LaTeX Font Info:    No math alphabet change to frozen version normal on input line 519.
LaTeX Font Info:    No math alphabet change to frozen version normal on input line 520.
LaTeX Font Info:    No math alphabet change to frozen version normal on input line 520.
LaTeX Font Info:    No math alphabet change to frozen version normal on input line 521.
LaTeX Font Info:    Nested math: keeping math alphabet allocation in version normal on input line 527.
LaTeX Font Info:    Nested math: keeping math alphabet allocation in version normal on input line 527.
LaTeX Font Info:    Nested math: keeping math alphabet allocation in version normal on input line 527.
LaTeX Font Info:    Nested math: keeping math alphabet allocation in version normal on input line 527.
LaTeX Font Info:    Nested math: keeping math alphabet allocation in version normal on input line 528.
LaTeX Font Info:    Nested math: keeping math alphabet allocation in version normal on input line 545.
LaTeX Font Info:    Nested math: keeping math alphabet allocation in version normal on input line 545.
LaTeX Font Info:    Nested math: keeping math alphabet allocation in version normal on input line 545.
LaTeX Font Info:    Nested math: keeping math alphabet allocation in version normal on input line 545.
LaTeX Font Info:    No math alphabet change to frozen version normal on input line 547.
LaTeX Font Info:    No math alphabet change to frozen version normal on input line 547.
LaTeX Font Info:    No math alphabet change to frozen version normal on input line 549.
LaTeX Font Info:    No math alphabet change to frozen version normal on input line 549.
LaTeX Font Info:    No math alphabet change to frozen version normal on input line 550.
LaTeX Font Info:    No math alphabet change to frozen version normal on input line 551.
LaTeX Font Info:    No math alphabet change to frozen version normal on input line 552.
LaTeX Font Info:    No math alphabet change to frozen version normal on input line 552.
LaTeX Font Info:    No math alphabet change to frozen version normal on input line 552.
LaTeX Font Info:    No math alphabet change to frozen version normal on input line 552.


[11]
LaTeX Font Info:    No math alphabet change to frozen version normal on input line 555.
LaTeX Font Info:    Nested math: keeping math alphabet allocation in version normal on input line 555.
LaTeX Font Info:    No math alphabet change to frozen version normal on input line 555.
LaTeX Font Info:    No math alphabet change to frozen version normal on input line 555.
LaTeX Font Info:    No math alphabet change to frozen version normal on input line 555.
LaTeX Font Info:    No math alphabet change to frozen version normal on input line 555.
LaTeX Font Info:    No math alphabet change to frozen version normal on input line 555.
LaTeX Font Info:    No math alphabet change to frozen version normal on input line 555.
LaTeX Font Info:    No math alphabet change to frozen version normal on input line 555.
LaTeX Font Info:    Nested math: keeping math alphabet allocation in version normal on input line 560.
LaTeX Font Info:    Nested math: keeping math alphabet allocation in version normal on input line 560.
LaTeX Font Info:    Nested math: keeping math alphabet allocation in version normal on input line 560.
LaTeX Font Info:    Nested math: keeping math alphabet allocation in version normal on input line 560.
LaTeX Font Info:    Nested math: keeping math alphabet allocation in version normal on input line 576.
LaTeX Font Info:    Nested math: keeping math alphabet allocation in version normal on input line 576.
LaTeX Font Info:    Nested math: keeping math alphabet allocation in version normal on input line 576.
LaTeX Font Info:    Nested math: keeping math alphabet allocation in version normal on input line 576.
LaTeX Font Info:    Nested math: keeping math alphabet allocation in version normal on input line 576.
LaTeX Font Info:    Nested math: keeping math alphabet allocation in version normal on input line 576.
LaTeX Font Info:    Nested math: keeping math alphabet allocation in version normal on input line 576.
LaTeX Font Info:    Nested math: keeping math alphabet allocation in version normal on input line 576.
LaTeX Font Info:    Nested math: keeping math alphabet allocation in version normal on input line 576.
LaTeX Font Info:    Nested math: keeping math alphabet allocation in version normal on input line 576.
LaTeX Font Info:    Nested math: keeping math alphabet allocation in version normal on input line 576.
LaTeX Font Info:    Nested math: keeping math alphabet allocation in version normal on input line 576.
LaTeX Font Info:    Nested math: keeping math alphabet allocation in version normal on input line 576.
LaTeX Font Info:    Nested math: keeping math alphabet allocation in version normal on input line 576.
LaTeX Font Info:    Nested math: keeping math alphabet allocation in version normal on input line 576.
LaTeX Font Info:    Nested math: keeping math alphabet allocation in version normal on input line 576.
LaTeX Font Info:    Nested math: keeping math alphabet allocation in version normal on input line 576.
LaTeX Font Info:    Nested math: keeping math alphabet allocation in version normal on input line 576.
LaTeX Font Info:    Nested math: keeping math alphabet allocation in version normal on input line 576.
LaTeX Font Info:    Nested math: keeping math alphabet allocation in version normal on input line 576.
LaTeX Font Info:    Nested math: keeping math alphabet allocation in version normal on input line 576.
LaTeX Font Info:    Nested math: keeping math alphabet allocation in version normal on input line 576.
LaTeX Font Info:    Nested math: keeping math alphabet allocation in version normal on input line 576.
LaTeX Font Info:    Nested math: keeping math alphabet allocation in version normal on input line 576.
LaTeX Font Info:    Nested math: keeping math alphabet allocation in version normal on input line 576.
LaTeX Font Info:    Nested math: keeping math alphabet allocation in version normal on input line 576.
LaTeX Font Info:    Nested math: keeping math alphabet allocation in version normal on input line 576.
LaTeX Font Info:    Nested math: keeping math alphabet allocation in version normal on input line 577.
LaTeX Font Info:    No math alphabet change to frozen version normal on input line 577.
LaTeX Font Info:    No math alphabet change to frozen version normal on input line 579.
LaTeX Font Info:    No math alphabet change to frozen version normal on input line 580.
<figures/de-ce-plots.pdf, id=439, 946.53625pt x 243.91125pt>
File: figures/de-ce-plots.pdf Graphic file (type pdf)
<use figures/de-ce-plots.pdf>
Package pdftex.def Info: figures/de-ce-plots.pdf  used on input line 584.
(pdftex.def)             Requested size: 472.31595pt x 121.70967pt.
LaTeX Font Info:    No math alphabet change to frozen version normal on input line 587.
LaTeX Font Info:    No math alphabet change to frozen version normal on input line 587.
LaTeX Font Info:    No math alphabet change to frozen version normal on input line 587.
LaTeX Font Info:    No math alphabet change to frozen version normal on input line 587.
LaTeX Font Info:    No math alphabet change to frozen version normal on input line 587.
LaTeX Font Info:    No math alphabet change to frozen version normal on input line 587.
 (./main.bbl

[12 <./figures/de-ce-plots.pdf>]

[13]
LaTeX Font Info:    Font shape `TS1/XCharter-TLF/m/it' will be
(Font)              scaled to size 10.95pt on input line 96.
Package microtype Info: Character `texttwelveudash ' is missing
(microtype)             in font `TS1/XCharter-TLF/m/it/10.95'.
(microtype)             Ignoring protrusion settings for this character.
Package microtype Info: Character `textthreequartersemdash ' is missing
(microtype)             in font `TS1/XCharter-TLF/m/it/10.95'.
(microtype)             Ignoring protrusion settings for this character.
Package microtype Info: Character `textasteriskcentered ' is missing
(microtype)             in font `TS1/XCharter-TLF/m/it/10.95'.
(microtype)             Ignoring protrusion settings for this character.
Package microtype Info: Character `textlbrackdbl ' is missing
(microtype)             in font `TS1/XCharter-TLF/m/it/10.95'.
(microtype)             Ignoring protrusion settings for this character.
Package microtype Info: Character `textrbrackdbl ' is missing
(microtype)             in font `TS1/XCharter-TLF/m/it/10.95'.
(microtype)             Ignoring protrusion settings for this character.
Package microtype Info: Character `textbardbl ' is missing
(microtype)             in font `TS1/XCharter-TLF/m/it/10.95'.
(microtype)             Ignoring protrusion settings for this character.
Package microtype Info: Character `textcelsius ' is missing
(microtype)             in font `TS1/XCharter-TLF/m/it/10.95'.
(microtype)             Ignoring protrusion settings for this character.


[14{/usr/local/texlive/2025/texmf-dist/fonts/enc/dvips/xcharter/xch1_pqp4df.enc}])

[15]

Package hyperref Warning: Token not allowed in a PDF string (Unicode):
(hyperref)                removing `\new@ifnextchar' on input line 611.

LaTeX Font Info:    Nested math: keeping math alphabet allocation in version normal on input line 613.
LaTeX Font Info:    Undo math alphabet allocation in version normal on input line 613.
LaTeX Font Info:    Nested math: keeping math alphabet allocation in version normal on input line 613.
LaTeX Font Info:    Undo math alphabet allocation in version normal on input line 613.
LaTeX Font Info:    No math alphabet change to frozen version normal on input line 616.
LaTeX Font Info:    Nested math: keeping math alphabet allocation in version normal on input line 616.
LaTeX Font Info:    Undo math alphabet allocation in version normal on input line 616.
LaTeX Font Info:    Nested math: keeping math alphabet allocation in version normal on input line 616.
LaTeX Font Info:    Nested math: keeping math alphabet allocation in version normal on input line 616.
LaTeX Font Info:    Undo math alphabet allocation in version normal on input line 616.
LaTeX Font Info:    No math alphabet change to frozen version normal on input line 616.
LaTeX Font Info:    No math alphabet change to frozen version normal on input line 616.
LaTeX Font Info:    Nested math: keeping math alphabet allocation in version normal on input line 618.
LaTeX Font Info:    Nested math: keeping math alphabet allocation in version normal on input line 618.
LaTeX Font Info:    Nested math: keeping math alphabet allocation in version normal on input line 618.
LaTeX Font Info:    Nested math: keeping math alphabet allocation in version normal on input line 618.
LaTeX Font Info:    Nested math: keeping math alphabet allocation in version normal on input line 619.
LaTeX Font Info:    Undo math alphabet allocation in version normal on input line 620.
LaTeX Font Info:    No math alphabet change to frozen version normal on input line 620.
LaTeX Font Info:    No math alphabet change to frozen version normal on input line 622.
LaTeX Font Info:    No math alphabet change to frozen version normal on input line 622.
LaTeX Font Info:    Nested math: keeping math alphabet allocation in version normal on input line 624.
LaTeX Font Info:    Nested math: keeping math alphabet allocation in version normal on input line 624.
LaTeX Font Info:    Nested math: keeping math alphabet allocation in version normal on input line 624.
LaTeX Font Info:    Nested math: keeping math alphabet allocation in version normal on input line 624.
LaTeX Font Info:    No math alphabet change to frozen version normal on input line 626.
LaTeX Font Info:    No math alphabet change to frozen version normal on input line 626.
LaTeX Font Info:    Nested math: keeping math alphabet allocation in version normal on input line 630.
LaTeX Font Info:    Nested math: keeping math alphabet allocation in version normal on input line 630.
LaTeX Font Info:    Nested math: keeping math alphabet allocation in version normal on input line 630.
LaTeX Font Info:    Nested math: keeping math alphabet allocation in version normal on input line 630.
LaTeX Font Info:    No math alphabet change to frozen version normal on input line 632.
LaTeX Font Info:    No math alphabet change to frozen version normal on input line 632.
LaTeX Font Info:    Nested math: keeping math alphabet allocation in version normal on input line 634.
LaTeX Font Info:    Undo math alphabet allocation in version normal on input line 634.
LaTeX Font Info:    No math alphabet change to frozen version normal on input line 634.
LaTeX Font Info:    Nested math: keeping math alphabet allocation in version normal on input line 636.
LaTeX Font Info:    Nested math: keeping math alphabet allocation in version normal on input line 636.
LaTeX Font Info:    Nested math: keeping math alphabet allocation in version normal on input line 636.
LaTeX Font Info:    Nested math: keeping math alphabet allocation in version normal on input line 636.
LaTeX Font Info:    No math alphabet change to frozen version normal on input line 638.
LaTeX Font Info:    No math alphabet change to frozen version normal on input line 638.
LaTeX Font Info:    Nested math: keeping math alphabet allocation in version normal on input line 640.
LaTeX Font Info:    Undo math alphabet allocation in version normal on input line 640.
LaTeX Font Info:    No math alphabet change to frozen version normal on input line 640.
LaTeX Font Info:    Nested math: keeping math alphabet allocation in version normal on input line 640.
LaTeX Font Info:    No math alphabet change to frozen version normal on input line 640.
LaTeX Font Info:    Nested math: keeping math alphabet allocation in version normal on input line 640.
LaTeX Font Info:    No math alphabet change to frozen version normal on input line 640.
LaTeX Font Info:    No math alphabet change to frozen version normal on input line 640.
LaTeX Font Info:    No math alphabet change to frozen version normal on input line 640.
LaTeX Font Info:    No math alphabet change to frozen version normal on input line 642.
LaTeX Font Info:    No math alphabet change to frozen version normal on input line 642.
LaTeX Font Info:    Nested math: keeping math alphabet allocation in version normal on input line 642.
LaTeX Font Info:    No math alphabet change to frozen version normal on input line 642.
LaTeX Font Info:    No math alphabet change to frozen version normal on input line 642.
LaTeX Font Info:    No math alphabet change to frozen version normal on input line 642.
LaTeX Font Info:    No math alphabet change to frozen version normal on input line 642.
LaTeX Font Info:    Nested math: keeping math alphabet allocation in version normal on input line 644.
LaTeX Font Info:    Nested math: keeping math alphabet allocation in version normal on input line 644.
LaTeX Font Info:    Nested math: keeping math alphabet allocation in version normal on input line 644.
LaTeX Font Info:    Nested math: keeping math alphabet allocation in version normal on input line 644.
LaTeX Font Info:    No math alphabet change to frozen version normal on input line 646.
LaTeX Font Info:    No math alphabet change to frozen version normal on input line 646.
LaTeX Font Info:    No math alphabet change to frozen version normal on input line 648.
LaTeX Font Info:    Nested math: keeping math alphabet allocation in version normal on input line 650.
LaTeX Font Info:    Nested math: keeping math alphabet allocation in version normal on input line 650.
LaTeX Font Info:    Nested math: keeping math alphabet allocation in version normal on input line 650.
LaTeX Font Info:    Nested math: keeping math alphabet allocation in version normal on input line 650.
LaTeX Font Info:    Nested math: keeping math alphabet allocation in version normal on input line 651.
LaTeX Font Info:    Nested math: keeping math alphabet allocation in version normal on input line 651.
LaTeX Font Info:    Nested math: keeping math alphabet allocation in version normal on input line 651.
LaTeX Font Info:    Nested math: keeping math alphabet allocation in version normal on input line 651.
LaTeX Font Info:    No math alphabet change to frozen version normal on input line 652.
LaTeX Font Info:    No math alphabet change to frozen version normal on input line 652.
LaTeX Font Info:    Nested math: keeping math alphabet allocation in version normal on input line 656.
LaTeX Font Info:    Nested math: keeping math alphabet allocation in version normal on input line 656.
LaTeX Font Info:    Nested math: keeping math alphabet allocation in version normal on input line 656.
LaTeX Font Info:    Nested math: keeping math alphabet allocation in version normal on input line 656.
LaTeX Font Info:    Nested math: keeping math alphabet allocation in version normal on input line 657.
LaTeX Font Info:    Nested math: keeping math alphabet allocation in version normal on input line 657.
LaTeX Font Info:    Nested math: keeping math alphabet allocation in version normal on input line 657.
LaTeX Font Info:    Nested math: keeping math alphabet allocation in version normal on input line 657.
LaTeX Font Info:    No math alphabet change to frozen version normal on input line 658.
LaTeX Font Info:    No math alphabet change to frozen version normal on input line 658.
LaTeX Font Info:    No math alphabet change to frozen version normal on input line 660.
LaTeX Font Info:    No math alphabet change to frozen version normal on input line 660.
LaTeX Font Info:    No math alphabet change to frozen version normal on input line 660.


[16]
LaTeX Font Info:    No math alphabet change to frozen version normal on input line 662.
LaTeX Font Info:    Nested math: keeping math alphabet allocation in version normal on input line 662.
LaTeX Font Info:    Undo math alphabet allocation in version normal on input line 662.
LaTeX Font Info:    No math alphabet change to frozen version normal on input line 662.
LaTeX Font Info:    Nested math: keeping math alphabet allocation in version normal on input line 662.
LaTeX Font Info:    Undo math alphabet allocation in version normal on input line 662.
LaTeX Font Info:    Nested math: keeping math alphabet allocation in version normal on input line 662.
LaTeX Font Info:    Undo math alphabet allocation in version normal on input line 662.
LaTeX Font Info:    Nested math: keeping math alphabet allocation in version normal on input line 662.
LaTeX Font Info:    Undo math alphabet allocation in version normal on input line 662.
LaTeX Font Info:    No math alphabet change to frozen version normal on input line 662.
LaTeX Font Info:    No math alphabet change to frozen version normal on input line 662.
LaTeX Font Info:    Nested math: keeping math alphabet allocation in version normal on input line 662.
LaTeX Font Info:    Nested math: keeping math alphabet allocation in version normal on input line 662.
LaTeX Font Info:    No math alphabet change to frozen version normal on input line 662.
LaTeX Font Info:    No math alphabet change to frozen version normal on input line 662.
LaTeX Font Info:    No math alphabet change to frozen version normal on input line 662.
LaTeX Font Info:    No math alphabet change to frozen version normal on input line 662.
LaTeX Font Info:    Nested math: keeping math alphabet allocation in version normal on input line 662.
LaTeX Font Info:    No math alphabet change to frozen version normal on input line 662.


Package hyperref Warning: Token not allowed in a PDF string (Unicode):
(hyperref)                removing `\new@ifnextchar' on input line 665.

LaTeX Font Info:    Nested math: keeping math alphabet allocation in version normal on input line 667.
LaTeX Font Info:    Undo math alphabet allocation in version normal on input line 667.
LaTeX Font Info:    Nested math: keeping math alphabet allocation in version normal on input line 667.
LaTeX Font Info:    Undo math alphabet allocation in version normal on input line 667.
LaTeX Font Info:    No math alphabet change to frozen version normal on input line 670.
LaTeX Font Info:    No math alphabet change to frozen version normal on input line 670.
LaTeX Font Info:    No math alphabet change to frozen version normal on input line 670.
LaTeX Font Info:    No math alphabet change to frozen version normal on input line 672.
LaTeX Font Info:    Nested math: keeping math alphabet allocation in version normal on input line 672.
LaTeX Font Info:    Undo math alphabet allocation in version normal on input line 672.
LaTeX Font Info:    Nested math: keeping math alphabet allocation in version normal on input line 672.
LaTeX Font Info:    Undo math alphabet allocation in version normal on input line 672.


[17]
LaTeX Font Info:    No math alphabet change to frozen version normal on input line 682.
LaTeX Font Info:    No math alphabet change to frozen version normal on input line 683.
LaTeX Font Info:    No math alphabet change to frozen version normal on input line 685.
LaTeX Font Info:    No math alphabet change to frozen version normal on input line 691.
LaTeX Font Info:    No math alphabet change to frozen version normal on input line 691.
LaTeX Font Info:    No math alphabet change to frozen version normal on input line 691.
LaTeX Font Info:    No math alphabet change to frozen version normal on input line 691.
LaTeX Font Info:    No math alphabet change to frozen version normal on input line 692.
LaTeX Font Info:    No math alphabet change to frozen version normal on input line 692.
LaTeX Font Info:    No math alphabet change to frozen version normal on input line 692.
LaTeX Font Info:    No math alphabet change to frozen version normal on input line 692.
LaTeX Font Info:    No math alphabet change to frozen version normal on input line 692.
LaTeX Font Info:    No math alphabet change to frozen version normal on input line 698.
LaTeX Font Info:    No math alphabet change to frozen version normal on input line 698.
LaTeX Font Info:    No math alphabet change to frozen version normal on input line 698.
LaTeX Font Info:    No math alphabet change to frozen version normal on input line 698.
LaTeX Font Info:    No math alphabet change to frozen version normal on input line 707.
LaTeX Font Info:    No math alphabet change to frozen version normal on input line 713.


[18]
<figures/wn-stats.png, id=516, 714.16812pt x 423.5825pt>
File: figures/wn-stats.png Graphic file (type png)
<use figures/wn-stats.png>
Package pdftex.def Info: figures/wn-stats.png  used on input line 722.
(pdftex.def)             Requested size: 425.08147pt x 252.12196pt.
<figures/esci-stats.png, id=517, 714.16812pt x 423.5825pt>
File: figures/esci-stats.png Graphic file (type png)
<use figures/esci-stats.png>
Package pdftex.def Info: figures/esci-stats.png  used on input line 728.
(pdftex.def)             Requested size: 425.08147pt x 252.12196pt.


[19 <./figures/wn-stats.png> <./figures/esci-stats.png>]
Underfull \hbox (badness 10000) in paragraph at lines 740--741
[]\T1/zlmtt/m/n/10.95 You are a helpful assistant that can answer questions about WordNet.
 []


Underfull \hbox (badness 10000) in paragraph at lines 740--741
\T1/zlmtt/m/n/10.95 You are given a noun synset from WordNet and a set of hypernyms for
 []


Underfull \hbox (badness 10000) in paragraph at lines 740--741
\T1/zlmtt/m/n/10.95 that synset. The hypernyms are separated by the delimiter `||'. Your
 []


Underfull \hbox (badness 10000) in paragraph at lines 740--741
\T1/zlmtt/m/n/10.95 task is to output the most specific hypernym for the synset out of the
 []


Underfull \hbox (badness 10000) in paragraph at lines 749--751
[]\T1/zlmtt/m/n/10.95 Hypernyms: object.n.01 || whole.n.02 || chordate.n.01
 []


Underfull \hbox (badness 10000) in paragraph at lines 749--751
\T1/zlmtt/m/n/10.95 || physical_entity.n.01 || mammal.n.01 || ruminant.n.01
 []


Underfull \hbox (badness 10000) in paragraph at lines 749--751
\T1/zlmtt/m/n/10.95 || vertebrate.n.01 || placental.n.01 || ungulate.n.01 ||
 []


Underfull \hbox (badness 10000) in paragraph at lines 749--751
\T1/zlmtt/m/n/10.95 even-toed_ungulate.n.01 || animal.n.01 || entity.n.01 ||
 []


Underfull \hbox (badness 10000) in paragraph at lines 761--762
[]\T1/zlmtt/m/n/10.95 You are a helpful assistant that can answer questions about the ESCI
 []


Underfull \hbox (badness 10000) in paragraph at lines 761--762
\T1/zlmtt/m/n/10.95 shopping queries dataset. You are given a query and a list of product
 []


Underfull \hbox (badness 10000) in paragraph at lines 761--762
\T1/zlmtt/m/n/10.95 titles for that query. Each product title is preceded by its docID in
 []


Underfull \hbox (badness 10000) in paragraph at lines 761--762
\T1/zlmtt/m/n/10.95 square brackets, and the product titles are separated by the delimiter
 []


Underfull \hbox (badness 10000) in paragraph at lines 761--762
\T1/zlmtt/m/n/10.95 '||'. Your task is to generate the docID of the most relevant product
 []


Underfull \hbox (badness 10000) in paragraph at lines 761--762
\T1/zlmtt/m/n/10.95 title to the query out of the given set of product titles and their
 []


Underfull \hbox (badness 10000) in paragraph at lines 770--772
[]\T1/zlmtt/m/n/10.95 Product titles: [25,36,39] Syntech USB C to USB Adapter, 2 Pack USB C
 []


Underfull \hbox (badness 10000) in paragraph at lines 770--772
\T1/zlmtt/m/n/10.95 to USB3 Adapter,USB Type C to USB,Thunderbolt 3 to USB Female Adapter
 []


Underfull \hbox (badness 10000) in paragraph at lines 770--772
\T1/zlmtt/m/n/10.95 OTG Cable || [25,69,59] SSK USB C 10Gbps Hub, 4-in-1 SuperSpeed USB
 []


Underfull \hbox (badness 10000) in paragraph at lines 770--772
\T1/zlmtt/m/n/10.95 10Gbps Type C Multiport Adapter with 2 USB C 2 USB A 3.1/3.2 Gen2
 []


Underfull \hbox (badness 10000) in paragraph at lines 770--772
\T1/zlmtt/m/n/10.95 10Gbps Ports,USB C Dock for iMac/MacBook/Pro/Air/Surface Pro and
 []


Underfull \hbox (badness 10000) in paragraph at lines 770--772
\T1/zlmtt/m/n/10.95 More Type C Devices || [25,36,26] AUKEY Focus 63W USB C Charger 60W
 []


Underfull \hbox (badness 10000) in paragraph at lines 770--772
\T1/zlmtt/m/n/10.95 PD Charger Power Delivery 3.0 [ GaN Power ] Fast Charger Dual Port
 []


Underfull \hbox (badness 10000) in paragraph at lines 770--772
\T1/zlmtt/m/n/10.95 USB C Wall Charger for MacBook Pro Air 13" 15" iPhone 11, Pro,Max
 []


Underfull \hbox (badness 10000) in paragraph at lines 770--772
\T1/zlmtt/m/n/10.95 SE, Google Pixel 4 3 XL, Switch || [25,59,45] USB Type C Female to
 []


Underfull \hbox (badness 10000) in paragraph at lines 770--772
\T1/zlmtt/m/n/10.95 USB Male Adapter USB to Type C Laptops Adapter for iPhone 11 Pro
 []


Underfull \hbox (badness 10000) in paragraph at lines 770--772
\T1/zlmtt/m/n/10.95 Max Airpods iPad for Samsung Galaxy S20 Ultra Google Pixel 2Pack
 []


Underfull \hbox (badness 10000) in paragraph at lines 770--772
\T1/zlmtt/m/n/10.95 || [25,59,2] USB C Cable,Aupek 10FT USB Type C Cable Nylon Braided
 []


Underfull \hbox (badness 10000) in paragraph at lines 770--772
\T1/zlmtt/m/n/10.95 Fast Charger Cord for Nintendo Switch, Google Pixel,Samsung Galaxy
 []


Underfull \hbox (badness 10000) in paragraph at lines 770--772
\T1/zlmtt/m/n/10.95 Note 8 S9 S8 S8 Plus S9(Purple) || [25,39,59] AUKEY USB Car Charger,
 []


Underfull \hbox (badness 10000) in paragraph at lines 770--772
\T1/zlmtt/m/n/10.95 18w Quick Charge 3.0, Flush Fit Cell Phone Adapter for iPhone 12 Pro
 []


Underfull \hbox (badness 10000) in paragraph at lines 770--772
\T1/zlmtt/m/n/10.95 Max/11 Pro Max/XS/XR, Samsung Galaxy Note 9 / S9 / Note 10 / S10, and
 []


Underfull \hbox (badness 10000) in paragraph at lines 770--772
\T1/zlmtt/m/n/10.95 More || [26,2,77] AUKEY Mechanical Keyboard Blue Switch, 104-Key RGB
 []


Underfull \hbox (badness 10000) in paragraph at lines 770--772
\T1/zlmtt/m/n/10.95 Backlit Gaming Keyboard with Customizable Lighting Effects, Aluminium
 []


Underfull \hbox (badness 10000) in paragraph at lines 770--772
\T1/zlmtt/m/n/10.95 USB Wired Keyboard for Gaming and Typing || [25,2,46] AUKEY Power
 []


Underfull \hbox (badness 10000) in paragraph at lines 770--772
\T1/zlmtt/m/n/10.95 Strip with 4 AC Outlets and 4 USB Charging Ports, 5-Foot Extension
 []


Underfull \hbox (badness 10000) in paragraph at lines 770--772
\T1/zlmtt/m/n/10.95 Cord for Smartphone, Laptop, Tablet, Home, Office and More (White) ||
 []


Underfull \hbox (badness 10000) in paragraph at lines 770--772
\T1/zlmtt/m/n/10.95 [25,36,97] AUKEY Focus iPhone Fast Charger 30W 2-Port USB C Charger
 []


Underfull \hbox (badness 10000) in paragraph at lines 770--772
\T1/zlmtt/m/n/10.95 for iPhone 12/12 Mini/12 Pro Max, PD 3.0 Fast Charger, USB C Wall
 []


Underfull \hbox (badness 10000) in paragraph at lines 770--772
\T1/zlmtt/m/n/10.95 Charger for iPhone 11 Pro Max/8 Plus, Pixel 5, MacBook Air, iPad Pro,
 []


Underfull \hbox (badness 10000) in paragraph at lines 770--772
\T1/zlmtt/m/n/10.95 Switch || [36,25,31] USB C Cable, 2Pack 3ft 5ft || [25,26,46] AUKEY
 []


Underfull \hbox (badness 10000) in paragraph at lines 770--772
\T1/zlmtt/m/n/10.95 USB C Cargador con GAN, Cargador de Pared USB con 60W Power Delivery
 []


Underfull \hbox (badness 10000) in paragraph at lines 770--772
\T1/zlmtt/m/n/10.95 3.0, Compatible con MacBook Pro 13", iPhone 11 Pro, DELL XPS 13, HP
 []


Underfull \hbox (badness 10000) in paragraph at lines 770--772
\T1/zlmtt/m/n/10.95 Spectre, Lenevo Thinkpad, Nintendo Switch || [25,36,45] AUKEY USB C
 []


Underfull \hbox (badness 10000) in paragraph at lines 770--772
\T1/zlmtt/m/n/10.95 Adapter, [3 Pack] USB C to USB 3.0 Adapter Compatible with MacBook
 []


Underfull \hbox (badness 10000) in paragraph at lines 770--772
\T1/zlmtt/m/n/10.95 Pro 2017/2016 , Google Chromebook Pixelbook , Samsung Galaxy S9 S8 S8+
 []


Underfull \hbox (badness 10000) in paragraph at lines 770--772
\T1/zlmtt/m/n/10.95 Note8, Google Pixel 2/2XL - Black || [25,36,39] USB C to USB Adapter
 []


Underfull \hbox (badness 10000) in paragraph at lines 770--772
\T1/zlmtt/m/n/10.95 (3 Pack), Warmstor Type C Female to USB 3.0 A Male Converter Support
 []


Underfull \hbox (badness 10000) in paragraph at lines 770--772
\T1/zlmtt/m/n/10.95 Data Sync & Charging Compatible with iPhone, iPad, Samsung, Pixel,
 []



[20]

[21]

Package hyperref Warning: Token not allowed in a PDF string (Unicode):
(hyperref)                removing `\new@ifnextchar' on input line 780.

<figures/wn-h.png, id=537, 723.20187pt x 425.08812pt>
File: figures/wn-h.png Graphic file (type png)
<use figures/wn-h.png>
Package pdftex.def Info: figures/wn-h.png  used on input line 787.
(pdftex.def)             Requested size: 226.70963pt x 133.25484pt.
<figures/wn-ndcg.png, id=538, 720.6925pt x 425.08812pt>
File: figures/wn-ndcg.png Graphic file (type png)
<use figures/wn-ndcg.png>
Package pdftex.def Info: figures/wn-ndcg.png  used on input line 791.
(pdftex.def)             Requested size: 226.70963pt x 133.71536pt.
<figures/wn-r-at-1.png, id=539, 721.69624pt x 425.08812pt>
File: figures/wn-r-at-1.png Graphic file (type png)
<use figures/wn-r-at-1.png>
Package pdftex.def Info: figures/wn-r-at-1.png  used on input line 797.
(pdftex.def)             Requested size: 226.70963pt x 133.53374pt.
<figures/wn-r-at-2.png, id=540, 722.7pt x 425.08812pt>
File: figures/wn-r-at-2.png Graphic file (type png)
<use figures/wn-r-at-2.png>
Package pdftex.def Info: figures/wn-r-at-2.png  used on input line 801.
(pdftex.def)             Requested size: 226.70963pt x 133.34564pt.
<figures/wn-r-at-3.png, id=541, 723.20187pt x 425.08812pt>
File: figures/wn-r-at-3.png Graphic file (type png)
<use figures/wn-r-at-3.png>
Package pdftex.def Info: figures/wn-r-at-3.png  used on input line 807.
(pdftex.def)             Requested size: 226.70963pt x 133.25484pt.
<figures/wn-r-at-4.png, id=542, 723.20187pt x 425.08812pt>
File: figures/wn-r-at-4.png Graphic file (type png)
<use figures/wn-r-at-4.png>
Package pdftex.def Info: figures/wn-r-at-4.png  used on input line 811.
(pdftex.def)             Requested size: 226.70963pt x 133.25484pt.
<figures/wn-r-at-5.png, id=543, 722.7pt x 425.08812pt>
File: figures/wn-r-at-5.png Graphic file (type png)
<use figures/wn-r-at-5.png>
Package pdftex.def Info: figures/wn-r-at-5.png  used on input line 817.
(pdftex.def)             Requested size: 226.70963pt x 133.34564pt.


[22 <./figures/wn-h.png> <./figures/wn-ndcg.png> <./figures/wn-r-at-1.png> <./figures/wn-r-at-2.png> <./figures/wn-r-at-3.png> <./figures/wn-r-at-4.png> <./figures/wn-r-at-5.png>]
LaTeX Font Info:    No math alphabet change to frozen version normal on input line 825.
LaTeX Font Info:    No math alphabet change to frozen version normal on input line 825.
LaTeX Font Info:    No math alphabet change to frozen version normal on input line 825.
LaTeX Font Info:    No math alphabet change to frozen version normal on input line 827.
LaTeX Font Info:    No math alphabet change to frozen version normal on input line 827.
LaTeX Font Info:    No math alphabet change to frozen version normal on input line 827.
LaTeX Font Info:    Nested math: keeping math alphabet allocation in version normal on input line 827.
LaTeX Font Info:    No math alphabet change to frozen version normal on input line 827.
LaTeX Font Info:    No math alphabet change to frozen version normal on input line 827.
LaTeX Font Info:    No math alphabet change to frozen version normal on input line 827.
LaTeX Font Info:    Nested math: keeping math alphabet allocation in version normal on input line 827.
LaTeX Font Info:    No math alphabet change to frozen version normal on input line 827.
LaTeX Font Info:    Nested math: keeping math alphabet allocation in version normal on input line 827.
LaTeX Font Info:    No math alphabet change to frozen version normal on input line 827.
LaTeX Font Info:    Nested math: keeping math alphabet allocation in version normal on input line 827.
LaTeX Font Info:    No math alphabet change to frozen version normal on input line 827.
LaTeX Font Info:    Nested math: keeping math alphabet allocation in version normal on input line 827.
LaTeX Font Info:    No math alphabet change to frozen version normal on input line 827.
LaTeX Font Info:    Nested math: keeping math alphabet allocation in version normal on input line 827.
LaTeX Font Info:    No math alphabet change to frozen version normal on input line 827.
LaTeX Font Info:    Font shape `T1/XCharter-TLF/m/n' will be
(Font)              scaled to size 10.0pt on input line 830.
LaTeX Font Info:    Nested math: keeping math alphabet allocation in version normal on input line 849.
LaTeX Font Info:    Nested math: keeping math alphabet allocation in version normal on input line 849.
LaTeX Font Info:    Nested math: keeping math alphabet allocation in version normal on input line 849.
LaTeX Font Info:    Nested math: keeping math alphabet allocation in version normal on input line 849.
LaTeX Font Info:    Nested math: keeping math alphabet allocation in version normal on input line 849.
LaTeX Font Info:    Nested math: keeping math alphabet allocation in version normal on input line 849.
LaTeX Font Info:    Nested math: keeping math alphabet allocation in version normal on input line 849.
LaTeX Font Info:    Nested math: keeping math alphabet allocation in version normal on input line 849.
LaTeX Font Info:    Nested math: keeping math alphabet allocation in version normal on input line 849.
LaTeX Font Info:    Nested math: keeping math alphabet allocation in version normal on input line 849.
LaTeX Font Info:    Nested math: keeping math alphabet allocation in version normal on input line 849.
LaTeX Font Info:    Nested math: keeping math alphabet allocation in version normal on input line 849.
LaTeX Font Info:    Nested math: keeping math alphabet allocation in version normal on input line 849.
LaTeX Font Info:    Nested math: keeping math alphabet allocation in version normal on input line 849.
LaTeX Font Info:    Nested math: keeping math alphabet allocation in version normal on input line 849.
LaTeX Font Info:    Nested math: keeping math alphabet allocation in version normal on input line 849.
LaTeX Font Info:    Nested math: keeping math alphabet allocation in version normal on input line 849.
LaTeX Font Info:    Nested math: keeping math alphabet allocation in version normal on input line 849.
LaTeX Font Info:    Nested math: keeping math alphabet allocation in version normal on input line 849.
LaTeX Font Info:    Nested math: keeping math alphabet allocation in version normal on input line 849.
LaTeX Font Info:    Nested math: keeping math alphabet allocation in version normal on input line 849.
LaTeX Font Info:    No math alphabet change to frozen version normal on input line 849.
LaTeX Font Info:    Nested math: keeping math alphabet allocation in version normal on input line 850.
LaTeX Font Info:    No math alphabet change to frozen version normal on input line 850.
LaTeX Font Info:    No math alphabet change to frozen version normal on input line 854.
LaTeX Font Info:    No math alphabet change to frozen version normal on input line 854.
LaTeX Font Info:    No math alphabet change to frozen version normal on input line 854.
LaTeX Font Info:    No math alphabet change to frozen version normal on input line 854.
LaTeX Font Info:    No math alphabet change to frozen version normal on input line 854.
LaTeX Font Info:    No math alphabet change to frozen version normal on input line 854.
LaTeX Font Info:    No math alphabet change to frozen version normal on input line 854.


[23] 
enddocument/afterlastpage (AED): lastpage setting LastPage.
(./main.aux)
 ***********
LaTeX2e <2025-06-01> patch level 1
L3 programming layer <2025-07-11>
 ***********
Package rerunfilecheck Info: File `main.out' has not changed.
(rerunfilecheck)             Checksum: 6CB29B358080353A3382A9FEA0E52FFA;4809.
 ) 
Here is how much of TeX's memory you used:
 53631 strings out of 467816
 1126406 string characters out of 5432258
 1631173 words of memory out of 5000000
 80406 multiletter control sequences out of 15000+600000
 1015454 words of font info for 717 fonts, out of 8000000 for 9000
 1141 hyphenation exceptions out of 8191
 91i,19n,131p,2360b,714s stack positions out of 10000i,1000n,20000p,200000b,200000s
</usr/local/texlive/2025/texmf-dist/fonts/type1/public/xcharter/XCharter-Bold.pfb></usr/local/texlive/2025/texmf-dist/fonts/type1/public/xcharter/XCharter-BoldItalic.pfb></usr/local/texlive/2025/texmf-dist/fonts/type1/public/xcharter/XCharter-Italic.pfb></usr/local/texlive/2025/texmf-dist/fonts/type1/public/xcharter/XCharter-Roman.pfb></usr/local/texlive/2025/texmf-dist/fonts/type1/public/xcharter/XCharterMathMI.pfb></usr/local/texlive/2025/texmf-dist/fonts/type1/public/xcharter/XCharterMathRM.pfb></usr/local/texlive/2025/texmf-dist/fonts/type1/public/amsfonts/euler/eusm10.pfb></usr/local/texlive/2025/texmf-dist/fonts/type1/public/lm/lmtt10.pfb></usr/local/texlive/2025/texmf-dist/fonts/type1/public/lm/lmtt9.pfb></usr/local/texlive/2025/texmf-dist/fonts/type1/public/newtx/txexs.pfb></usr/local/texlive/2025/texmf-dist/fonts/type1/public/newtx/txmiaSTbb.pfb></usr/local/texlive/2025/texmf-dist/fonts/type1/public/newtx/txmiaX.pfb></usr/local/texlive/2025/texmf-dist/fonts/type1/public/newtx/txsym.pfb></usr/local/texlive/2025/texmf-dist/fonts/type1/public/newtx/txsys.pfb>
Output written on main.pdf (23 pages, 1350708 bytes).
PDF statistics:
 675 PDF objects out of 1000 (max. 8388607)
 556 compressed objects within 6 object streams
 138 named destinations out of 1000 (max. 500000)
 174386 words of extra memory for PDF output out of 184870 (max. 10000000)

